INFO  24-04-12 22:31:46[restartedMain] [TodaychefApplication:51] - Starting TodaychefApplication using Java 17.0.8 with PID 3954 (/Users/jangjegeun/eclipse-workspace/todaychef/bin/main started by jangjegeun in /Users/jangjegeun/eclipse-workspace/todaychef)
DEBUG 24-04-12 22:31:46[restartedMain] [TodaychefApplication:52] - Running with Spring Boot v3.0.9, Spring v6.0.11
INFO  24-04-12 22:31:46[restartedMain] [TodaychefApplication:632] - No active profile set, falling back to 1 default profile: "default"
DEBUG 24-04-12 22:31:46[restartedMain] [SpringApplication:665] - Loading source class com.youandjang.todaychef.TodaychefApplication
DEBUG 24-04-12 22:31:46[restartedMain] [ChangeableUrls:249] - Matching URLs for reloading : [file:/Users/jangjegeun/eclipse-workspace/todaychef/bin/main/]
DEBUG 24-04-12 22:31:46[restartedMain] [DevToolsSettings:249] - Included patterns for restart : []
DEBUG 24-04-12 22:31:46[restartedMain] [DevToolsSettings:249] - Excluded patterns for restart : [/spring-boot-starter-[\w-]+/, /spring-boot/(bin|build|out)/, /spring-boot-starter/(bin|build|out)/, /spring-boot-devtools/(bin|build|out)/, /spring-boot-actuator/(bin|build|out)/, /spring-boot-autoconfigure/(bin|build|out)/]
INFO  24-04-12 22:31:46[restartedMain] [DevToolsPropertyDefaultsPostProcessor:250] - Devtools property defaults active! Set 'spring.devtools.add-properties' to 'false' to disable
INFO  24-04-12 22:31:46[restartedMain] [DevToolsPropertyDefaultsPostProcessor:250] - For additional web related logging consider setting the 'logging.level.web' property to 'DEBUG'
DEBUG 24-04-12 22:31:46[restartedMain] [AnnotationConfigServletWebServerApplicationContext:654] - Refreshing org.springframework.boot.web.servlet.context.AnnotationConfigServletWebServerApplicationContext@3dfd9e0d
DEBUG 24-04-12 22:31:46[restartedMain] [DefaultListableBeanFactory:225] - Creating shared instance of singleton bean 'org.springframework.context.annotation.internalConfigurationAnnotationProcessor'
DEBUG 24-04-12 22:31:46[restartedMain] [DefaultListableBeanFactory:225] - Creating shared instance of singleton bean 'org.springframework.boot.autoconfigure.internalCachingMetadataReaderFactory'
DEBUG 24-04-12 22:31:46[restartedMain] [ClassPathBeanDefinitionScanner:441] - Identified candidate component class: file [/Users/jangjegeun/eclipse-workspace/todaychef/bin/main/com/youandjang/todaychef/auth/JsonWebTokenIssuer.class]
DEBUG 24-04-12 22:31:46[restartedMain] [ClassPathBeanDefinitionScanner:441] - Identified candidate component class: file [/Users/jangjegeun/eclipse-workspace/todaychef/bin/main/com/youandjang/todaychef/auth/JwtAuthenticationProvider.class]
DEBUG 24-04-12 22:31:46[restartedMain] [ClassPathBeanDefinitionScanner:441] - Identified candidate component class: file [/Users/jangjegeun/eclipse-workspace/todaychef/bin/main/com/youandjang/todaychef/auth/dao/AuthDaoImpl.class]
DEBUG 24-04-12 22:31:46[restartedMain] [ClassPathBeanDefinitionScanner:441] - Identified candidate component class: file [/Users/jangjegeun/eclipse-workspace/todaychef/bin/main/com/youandjang/todaychef/auth/service/AuthService.class]
DEBUG 24-04-12 22:31:46[restartedMain] [ClassPathBeanDefinitionScanner:441] - Identified candidate component class: file [/Users/jangjegeun/eclipse-workspace/todaychef/bin/main/com/youandjang/todaychef/common/dao/CommonDaoImpl.class]
DEBUG 24-04-12 22:31:46[restartedMain] [ClassPathBeanDefinitionScanner:441] - Identified candidate component class: file [/Users/jangjegeun/eclipse-workspace/todaychef/bin/main/com/youandjang/todaychef/common/service/CommonService.class]
DEBUG 24-04-12 22:31:46[restartedMain] [ClassPathBeanDefinitionScanner:441] - Identified candidate component class: file [/Users/jangjegeun/eclipse-workspace/todaychef/bin/main/com/youandjang/todaychef/config/MessageConfig.class]
DEBUG 24-04-12 22:31:46[restartedMain] [ClassPathBeanDefinitionScanner:441] - Identified candidate component class: file [/Users/jangjegeun/eclipse-workspace/todaychef/bin/main/com/youandjang/todaychef/config/SecurityConfig.class]
DEBUG 24-04-12 22:31:46[restartedMain] [ClassPathBeanDefinitionScanner:441] - Identified candidate component class: file [/Users/jangjegeun/eclipse-workspace/todaychef/bin/main/com/youandjang/todaychef/member/controller/JoinApiController.class]
DEBUG 24-04-12 22:31:46[restartedMain] [ClassPathBeanDefinitionScanner:441] - Identified candidate component class: file [/Users/jangjegeun/eclipse-workspace/todaychef/bin/main/com/youandjang/todaychef/member/controller/LoginApiController.class]
DEBUG 24-04-12 22:31:46[restartedMain] [ClassPathBeanDefinitionScanner:441] - Identified candidate component class: file [/Users/jangjegeun/eclipse-workspace/todaychef/bin/main/com/youandjang/todaychef/member/dao/JoinDaoImpl.class]
DEBUG 24-04-12 22:31:46[restartedMain] [ClassPathBeanDefinitionScanner:441] - Identified candidate component class: file [/Users/jangjegeun/eclipse-workspace/todaychef/bin/main/com/youandjang/todaychef/member/dao/LoginDaoImpl.class]
DEBUG 24-04-12 22:31:46[restartedMain] [ClassPathBeanDefinitionScanner:441] - Identified candidate component class: file [/Users/jangjegeun/eclipse-workspace/todaychef/bin/main/com/youandjang/todaychef/member/service/JoinService.class]
DEBUG 24-04-12 22:31:46[restartedMain] [ClassPathBeanDefinitionScanner:441] - Identified candidate component class: file [/Users/jangjegeun/eclipse-workspace/todaychef/bin/main/com/youandjang/todaychef/member/service/LoginService.class]
DEBUG 24-04-12 22:31:46[restartedMain] [ClassPathBeanDefinitionScanner:441] - Identified candidate component class: file [/Users/jangjegeun/eclipse-workspace/todaychef/bin/main/com/youandjang/todaychef/util/AuthCheckUtil.class]
DEBUG 24-04-12 22:31:46[restartedMain] [ClassPathBeanDefinitionScanner:441] - Identified candidate component class: file [/Users/jangjegeun/eclipse-workspace/todaychef/bin/main/com/youandjang/todaychef/util/GetOrDefaultUtil.class]
DEBUG 24-04-12 22:31:46[restartedMain] [ClassPathBeanDefinitionScanner:441] - Identified candidate component class: file [/Users/jangjegeun/eclipse-workspace/todaychef/bin/main/com/youandjang/todaychef/util/MessageUtils.class]
DEBUG 24-04-12 22:31:46[restartedMain] [DefaultListableBeanFactory:225] - Creating shared instance of singleton bean 'org.springframework.boot.autoconfigure.AutoConfigurationPackages'
DEBUG 24-04-12 22:31:46[restartedMain] [AutoConfigurationPackages:213] - @EnableAutoConfiguration was declared on a class in the package 'com.youandjang.todaychef'. Automatic @Repository and @Entity scanning is enabled.
DEBUG 24-04-12 22:31:46[restartedMain] [MybatisAutoConfiguration:247] - Searching for mappers annotated with @Mapper
DEBUG 24-04-12 22:31:46[restartedMain] [MybatisAutoConfiguration:251] - Using auto-configuration base package 'com.youandjang.todaychef'
DEBUG 24-04-12 22:31:46[restartedMain] [DefaultListableBeanFactory:225] - Creating shared instance of singleton bean 'org.mybatis.spring.mapper.MapperScannerConfigurer'
DEBUG 24-04-12 22:31:46[restartedMain] [DefaultListableBeanFactory:225] - Creating shared instance of singleton bean 'propertySourcesPlaceholderConfigurer'
DEBUG 24-04-12 22:31:46[restartedMain] [LogFactory:109] - Logging initialized using 'class org.apache.ibatis.logging.slf4j.Slf4jImpl' adapter.
WARN  24-04-12 22:31:46[restartedMain] [ClassPathMapperScanner:44] - No MyBatis mapper was found in '[com.youandjang.todaychef]' package. Please check your configuration.
DEBUG 24-04-12 22:31:46[restartedMain] [DefaultListableBeanFactory:225] - Creating shared instance of singleton bean 'org.springframework.boot.sql.init.dependency.DatabaseInitializationDependencyConfigurer$DependsOnDatabaseInitializationPostProcessor'
DEBUG 24-04-12 22:31:46[restartedMain] [DefaultListableBeanFactory:225] - Creating shared instance of singleton bean 'org.springframework.context.event.internalEventListenerProcessor'
DEBUG 24-04-12 22:31:46[restartedMain] [DefaultListableBeanFactory:225] - Creating shared instance of singleton bean 'preserveErrorControllerTargetClassPostProcessor'
DEBUG 24-04-12 22:31:46[restartedMain] [DefaultListableBeanFactory:225] - Creating shared instance of singleton bean 'forceAutoProxyCreatorToUseClassProxying'
DEBUG 24-04-12 22:31:46[restartedMain] [DefaultListableBeanFactory:225] - Creating shared instance of singleton bean 'conversionServicePostProcessor'
DEBUG 24-04-12 22:31:46[restartedMain] [DefaultListableBeanFactory:225] - Creating shared instance of singleton bean 'org.springframework.context.event.internalEventListenerFactory'
DEBUG 24-04-12 22:31:46[restartedMain] [DefaultListableBeanFactory:225] - Creating shared instance of singleton bean 'org.springframework.transaction.config.internalTransactionalEventListenerFactory'
DEBUG 24-04-12 22:31:46[restartedMain] [DefaultListableBeanFactory:225] - Creating shared instance of singleton bean 'org.springframework.context.annotation.internalAutowiredAnnotationProcessor'
DEBUG 24-04-12 22:31:46[restartedMain] [DefaultListableBeanFactory:225] - Creating shared instance of singleton bean 'org.springframework.context.annotation.internalCommonAnnotationProcessor'
DEBUG 24-04-12 22:31:46[restartedMain] [DefaultListableBeanFactory:225] - Creating shared instance of singleton bean 'org.springframework.boot.context.properties.ConfigurationPropertiesBindingPostProcessor'
DEBUG 24-04-12 22:31:46[restartedMain] [DefaultListableBeanFactory:225] - Creating shared instance of singleton bean 'org.springframework.boot.context.internalConfigurationPropertiesBinder'
DEBUG 24-04-12 22:31:46[restartedMain] [DefaultListableBeanFactory:225] - Creating shared instance of singleton bean 'persistenceExceptionTranslationPostProcessor'
DEBUG 24-04-12 22:31:46[restartedMain] [DefaultListableBeanFactory:808] - Autowiring by type from bean name 'persistenceExceptionTranslationPostProcessor' via factory method to bean named 'environment'
DEBUG 24-04-12 22:31:46[restartedMain] [DefaultListableBeanFactory:225] - Creating shared instance of singleton bean 'org.springframework.aop.config.internalAutoProxyCreator'
DEBUG 24-04-12 22:31:46[restartedMain] [DefaultListableBeanFactory:225] - Creating shared instance of singleton bean 'webServerFactoryCustomizerBeanPostProcessor'
DEBUG 24-04-12 22:31:46[restartedMain] [DefaultListableBeanFactory:225] - Creating shared instance of singleton bean 'errorPageRegistrarBeanPostProcessor'
DEBUG 24-04-12 22:31:46[restartedMain] [DefaultListableBeanFactory:225] - Creating shared instance of singleton bean 'messageSource'
DEBUG 24-04-12 22:31:46[restartedMain] [DefaultListableBeanFactory:225] - Creating shared instance of singleton bean 'messageConfig'
DEBUG 24-04-12 22:31:46[restartedMain] [DefaultListableBeanFactory:225] - Creating shared instance of singleton bean 'org.springframework.transaction.config.internalTransactionAdvisor'
DEBUG 24-04-12 22:31:46[restartedMain] [DefaultListableBeanFactory:225] - Creating shared instance of singleton bean 'org.springframework.transaction.annotation.ProxyTransactionManagementConfiguration'
DEBUG 24-04-12 22:31:46[restartedMain] [DefaultListableBeanFactory:225] - Creating shared instance of singleton bean 'transactionAttributeSource'
DEBUG 24-04-12 22:31:46[restartedMain] [DefaultListableBeanFactory:225] - Creating shared instance of singleton bean 'transactionInterceptor'
DEBUG 24-04-12 22:31:46[restartedMain] [DefaultListableBeanFactory:808] - Autowiring by type from bean name 'transactionInterceptor' via factory method to bean named 'transactionAttributeSource'
DEBUG 24-04-12 22:31:46[restartedMain] [DefaultListableBeanFactory:808] - Autowiring by type from bean name 'org.springframework.transaction.config.internalTransactionAdvisor' via factory method to bean named 'transactionAttributeSource'
DEBUG 24-04-12 22:31:46[restartedMain] [DefaultListableBeanFactory:808] - Autowiring by type from bean name 'org.springframework.transaction.config.internalTransactionAdvisor' via factory method to bean named 'transactionInterceptor'
DEBUG 24-04-12 22:31:46[restartedMain] [UiApplicationContextUtils:86] - Unable to locate ThemeSource with name 'themeSource': using default [org.springframework.ui.context.support.ResourceBundleThemeSource@133f2482]
DEBUG 24-04-12 22:31:46[restartedMain] [DefaultListableBeanFactory:225] - Creating shared instance of singleton bean 'tomcatServletWebServerFactory'
DEBUG 24-04-12 22:31:46[restartedMain] [DefaultListableBeanFactory:225] - Creating shared instance of singleton bean 'org.springframework.boot.autoconfigure.web.servlet.ServletWebServerFactoryConfiguration$EmbeddedTomcat'
DEBUG 24-04-12 22:31:46[restartedMain] [DefaultListableBeanFactory:225] - Creating shared instance of singleton bean 'websocketServletWebServerCustomizer'
DEBUG 24-04-12 22:31:46[restartedMain] [DefaultListableBeanFactory:225] - Creating shared instance of singleton bean 'org.springframework.boot.autoconfigure.websocket.servlet.WebSocketServletAutoConfiguration$TomcatWebSocketConfiguration'
DEBUG 24-04-12 22:31:46[restartedMain] [DefaultListableBeanFactory:225] - Creating shared instance of singleton bean 'servletWebServerFactoryCustomizer'
DEBUG 24-04-12 22:31:46[restartedMain] [DefaultListableBeanFactory:225] - Creating shared instance of singleton bean 'org.springframework.boot.autoconfigure.web.servlet.ServletWebServerFactoryAutoConfiguration'
DEBUG 24-04-12 22:31:46[restartedMain] [DefaultListableBeanFactory:225] - Creating shared instance of singleton bean 'server-org.springframework.boot.autoconfigure.web.ServerProperties'
DEBUG 24-04-12 22:31:46[restartedMain] [DefaultListableBeanFactory:225] - Creating shared instance of singleton bean 'org.springframework.boot.context.properties.BoundConfigurationProperties'
DEBUG 24-04-12 22:31:47[restartedMain] [DefaultListableBeanFactory:808] - Autowiring by type from bean name 'servletWebServerFactoryCustomizer' via factory method to bean named 'server-org.springframework.boot.autoconfigure.web.ServerProperties'
DEBUG 24-04-12 22:31:47[restartedMain] [DefaultListableBeanFactory:225] - Creating shared instance of singleton bean 'tomcatServletWebServerFactoryCustomizer'
DEBUG 24-04-12 22:31:47[restartedMain] [DefaultListableBeanFactory:808] - Autowiring by type from bean name 'tomcatServletWebServerFactoryCustomizer' via factory method to bean named 'server-org.springframework.boot.autoconfigure.web.ServerProperties'
DEBUG 24-04-12 22:31:47[restartedMain] [DefaultListableBeanFactory:225] - Creating shared instance of singleton bean 'tomcatWebServerFactoryCustomizer'
DEBUG 24-04-12 22:31:47[restartedMain] [DefaultListableBeanFactory:225] - Creating shared instance of singleton bean 'org.springframework.boot.autoconfigure.web.embedded.EmbeddedWebServerFactoryCustomizerAutoConfiguration$TomcatWebServerFactoryCustomizerConfiguration'
DEBUG 24-04-12 22:31:47[restartedMain] [DefaultListableBeanFactory:808] - Autowiring by type from bean name 'tomcatWebServerFactoryCustomizer' via factory method to bean named 'environment'
DEBUG 24-04-12 22:31:47[restartedMain] [DefaultListableBeanFactory:808] - Autowiring by type from bean name 'tomcatWebServerFactoryCustomizer' via factory method to bean named 'server-org.springframework.boot.autoconfigure.web.ServerProperties'
DEBUG 24-04-12 22:31:47[restartedMain] [DefaultListableBeanFactory:225] - Creating shared instance of singleton bean 'localeCharsetMappingsCustomizer'
DEBUG 24-04-12 22:31:47[restartedMain] [DefaultListableBeanFactory:225] - Creating shared instance of singleton bean 'org.springframework.boot.autoconfigure.web.servlet.HttpEncodingAutoConfiguration'
DEBUG 24-04-12 22:31:47[restartedMain] [DefaultListableBeanFactory:808] - Autowiring by type from bean name 'org.springframework.boot.autoconfigure.web.servlet.HttpEncodingAutoConfiguration' via constructor to bean named 'server-org.springframework.boot.autoconfigure.web.ServerProperties'
DEBUG 24-04-12 22:31:47[restartedMain] [DefaultListableBeanFactory:225] - Creating shared instance of singleton bean 'errorPageCustomizer'
DEBUG 24-04-12 22:31:47[restartedMain] [DefaultListableBeanFactory:225] - Creating shared instance of singleton bean 'org.springframework.boot.autoconfigure.web.servlet.error.ErrorMvcAutoConfiguration'
DEBUG 24-04-12 22:31:47[restartedMain] [DefaultListableBeanFactory:808] - Autowiring by type from bean name 'org.springframework.boot.autoconfigure.web.servlet.error.ErrorMvcAutoConfiguration' via constructor to bean named 'server-org.springframework.boot.autoconfigure.web.ServerProperties'
DEBUG 24-04-12 22:31:47[restartedMain] [DefaultListableBeanFactory:225] - Creating shared instance of singleton bean 'dispatcherServletRegistration'
DEBUG 24-04-12 22:31:47[restartedMain] [DefaultListableBeanFactory:225] - Creating shared instance of singleton bean 'org.springframework.boot.autoconfigure.web.servlet.DispatcherServletAutoConfiguration$DispatcherServletRegistrationConfiguration'
DEBUG 24-04-12 22:31:47[restartedMain] [DefaultListableBeanFactory:225] - Creating shared instance of singleton bean 'dispatcherServlet'
DEBUG 24-04-12 22:31:47[restartedMain] [DefaultListableBeanFactory:225] - Creating shared instance of singleton bean 'org.springframework.boot.autoconfigure.web.servlet.DispatcherServletAutoConfiguration$DispatcherServletConfiguration'
DEBUG 24-04-12 22:31:47[restartedMain] [DefaultListableBeanFactory:225] - Creating shared instance of singleton bean 'spring.mvc-org.springframework.boot.autoconfigure.web.servlet.WebMvcProperties'
DEBUG 24-04-12 22:31:47[restartedMain] [DefaultListableBeanFactory:808] - Autowiring by type from bean name 'dispatcherServlet' via factory method to bean named 'spring.mvc-org.springframework.boot.autoconfigure.web.servlet.WebMvcProperties'
DEBUG 24-04-12 22:31:47[restartedMain] [DefaultListableBeanFactory:808] - Autowiring by type from bean name 'dispatcherServletRegistration' via factory method to bean named 'dispatcherServlet'
DEBUG 24-04-12 22:31:47[restartedMain] [DefaultListableBeanFactory:808] - Autowiring by type from bean name 'dispatcherServletRegistration' via factory method to bean named 'spring.mvc-org.springframework.boot.autoconfigure.web.servlet.WebMvcProperties'
DEBUG 24-04-12 22:31:47[restartedMain] [DefaultListableBeanFactory:225] - Creating shared instance of singleton bean 'multipartConfigElement'
DEBUG 24-04-12 22:31:47[restartedMain] [DefaultListableBeanFactory:225] - Creating shared instance of singleton bean 'org.springframework.boot.autoconfigure.web.servlet.MultipartAutoConfiguration'
DEBUG 24-04-12 22:31:47[restartedMain] [DefaultListableBeanFactory:225] - Creating shared instance of singleton bean 'spring.servlet.multipart-org.springframework.boot.autoconfigure.web.servlet.MultipartProperties'
DEBUG 24-04-12 22:31:47[restartedMain] [DefaultListableBeanFactory:808] - Autowiring by type from bean name 'org.springframework.boot.autoconfigure.web.servlet.MultipartAutoConfiguration' via constructor to bean named 'spring.servlet.multipart-org.springframework.boot.autoconfigure.web.servlet.MultipartProperties'
DEBUG 24-04-12 22:31:47[restartedMain] [DefaultListableBeanFactory:808] - Autowiring by type from bean name 'errorPageCustomizer' via factory method to bean named 'dispatcherServletRegistration'
DEBUG 24-04-12 22:31:47[restartedMain] [TomcatServletWebServerFactory:81] - Code archive: /Users/jangjegeun/.gradle/caches/modules-2/files-2.1/org.springframework.boot/spring-boot/3.0.9/701b9e83d48a985c4b1cca5ee4bdf1ca82cbcd37/spring-boot-3.0.9.jar
DEBUG 24-04-12 22:31:47[restartedMain] [TomcatServletWebServerFactory:125] - Code archive: /Users/jangjegeun/.gradle/caches/modules-2/files-2.1/org.springframework.boot/spring-boot/3.0.9/701b9e83d48a985c4b1cca5ee4bdf1ca82cbcd37/spring-boot-3.0.9.jar
DEBUG 24-04-12 22:31:47[restartedMain] [TomcatServletWebServerFactory:149] - None of the document roots [src/main/webapp, public, static] point to a directory and will be ignored.
INFO  24-04-12 22:31:47[restartedMain] [TomcatWebServer:108] - Tomcat initialized with port(s): 8081 (http)
INFO  24-04-12 22:31:47[restartedMain] [Http11NioProtocol:173] - Initializing ProtocolHandler ["http-nio-8081"]
INFO  24-04-12 22:31:47[restartedMain] [StandardService:173] - Starting service [Tomcat]
INFO  24-04-12 22:31:47[restartedMain] [StandardEngine:173] - Starting Servlet engine: [Apache Tomcat/10.1.11]
INFO  24-04-12 22:31:47[restartedMain] [[/todaychef]:173] - Initializing Spring embedded WebApplicationContext
DEBUG 24-04-12 22:31:47[restartedMain] [ServletWebServerApplicationContext:285] - Published root WebApplicationContext as ServletContext attribute with name [org.springframework.web.context.WebApplicationContext.ROOT]
INFO  24-04-12 22:31:47[restartedMain] [ServletWebServerApplicationContext:291] - Root WebApplicationContext: initialization completed in 461 ms
DEBUG 24-04-12 22:31:47[restartedMain] [DefaultListableBeanFactory:225] - Creating shared instance of singleton bean 'securityFilterChainRegistration'
DEBUG 24-04-12 22:31:47[restartedMain] [DefaultListableBeanFactory:225] - Creating shared instance of singleton bean 'org.springframework.boot.autoconfigure.security.servlet.SecurityFilterAutoConfiguration'
DEBUG 24-04-12 22:31:47[restartedMain] [DefaultListableBeanFactory:225] - Creating shared instance of singleton bean 'spring.security-org.springframework.boot.autoconfigure.security.SecurityProperties'
DEBUG 24-04-12 22:31:47[restartedMain] [DefaultListableBeanFactory:808] - Autowiring by type from bean name 'securityFilterChainRegistration' via factory method to bean named 'spring.security-org.springframework.boot.autoconfigure.security.SecurityProperties'
DEBUG 24-04-12 22:31:47[restartedMain] [DefaultListableBeanFactory:225] - Creating shared instance of singleton bean 'requestContextFilter'
DEBUG 24-04-12 22:31:47[restartedMain] [DefaultListableBeanFactory:225] - Creating shared instance of singleton bean 'formContentFilter'
DEBUG 24-04-12 22:31:47[restartedMain] [DefaultListableBeanFactory:225] - Creating shared instance of singleton bean 'org.springframework.boot.autoconfigure.web.servlet.WebMvcAutoConfiguration'
DEBUG 24-04-12 22:31:47[restartedMain] [DefaultListableBeanFactory:225] - Creating shared instance of singleton bean 'characterEncodingFilter'
DEBUG 24-04-12 22:31:47[restartedMain] [ServletContextInitializerBeans:234] - Mapping filters: springSecurityFilterChain urls=[/*] order=-100, characterEncodingFilter urls=[/*] order=-2147483648, formContentFilter urls=[/*] order=-9900, requestContextFilter urls=[/*] order=-105
DEBUG 24-04-12 22:31:47[restartedMain] [ServletContextInitializerBeans:234] - Mapping servlets: dispatcherServlet urls=[/]
DEBUG 24-04-12 22:31:47[restartedMain] [OrderedRequestContextFilter:240] - Filter 'requestContextFilter' configured for use
DEBUG 24-04-12 22:31:47[restartedMain] [OrderedCharacterEncodingFilter:240] - Filter 'characterEncodingFilter' configured for use
DEBUG 24-04-12 22:31:47[restartedMain] [DelegatingFilterProxyRegistrationBean$1:240] - Filter 'springSecurityFilterChain' configured for use
DEBUG 24-04-12 22:31:47[restartedMain] [OrderedFormContentFilter:240] - Filter 'formContentFilter' configured for use
DEBUG 24-04-12 22:31:47[restartedMain] [DefaultListableBeanFactory:225] - Creating shared instance of singleton bean 'todaychefApplication'
DEBUG 24-04-12 22:31:47[restartedMain] [DefaultListableBeanFactory:225] - Creating shared instance of singleton bean 'jsonWebTokenIssuer'
DEBUG 24-04-12 22:31:47[restartedMain] [CachedIntrospectionResults:167] - Not strongly caching class [com.youandjang.todaychef.auth.JsonWebTokenIssuer] because it is not cache-safe
DEBUG 24-04-12 22:31:47[restartedMain] [PropertySourcesPropertyResolver:115] - Found key 'oauth.secret' in PropertySource 'environmentProperties' with value of type String
DEBUG 24-04-12 22:31:47[restartedMain] [PropertySourcesPropertyResolver:115] - Found key 'oauth.refreshsecret' in PropertySource 'environmentProperties' with value of type String
DEBUG 24-04-12 22:31:47[restartedMain] [PropertySourcesPropertyResolver:115] - Found key 'oauth.expire-min' in PropertySource 'environmentProperties' with value of type String
DEBUG 24-04-12 22:31:47[restartedMain] [PropertySourcesPropertyResolver:115] - Found key 'oauth.refresh-expire-min' in PropertySource 'environmentProperties' with value of type String
DEBUG 24-04-12 22:31:47[restartedMain] [DefaultListableBeanFactory:225] - Creating shared instance of singleton bean 'jwtAuthenticationProvider'
DEBUG 24-04-12 22:31:47[restartedMain] [PropertySourcesPropertyResolver:115] - Found key 'oauth.secret' in PropertySource 'environmentProperties' with value of type String
DEBUG 24-04-12 22:31:47[restartedMain] [DefaultListableBeanFactory:225] - Creating shared instance of singleton bean 'authDaoImpl'
DEBUG 24-04-12 22:31:47[restartedMain] [DefaultListableBeanFactory:225] - Creating shared instance of singleton bean 'dataSourceScriptDatabaseInitializer'
DEBUG 24-04-12 22:31:47[restartedMain] [DefaultListableBeanFactory:225] - Creating shared instance of singleton bean 'org.springframework.boot.autoconfigure.sql.init.DataSourceInitializationConfiguration'
DEBUG 24-04-12 22:31:47[restartedMain] [DefaultListableBeanFactory:225] - Creating shared instance of singleton bean 'dataSource'
DEBUG 24-04-12 22:31:47[restartedMain] [DefaultListableBeanFactory:225] - Creating shared instance of singleton bean 'org.springframework.boot.autoconfigure.jdbc.DataSourceConfiguration$Hikari'
DEBUG 24-04-12 22:31:47[restartedMain] [DefaultListableBeanFactory:225] - Creating shared instance of singleton bean 'spring.datasource-org.springframework.boot.autoconfigure.jdbc.DataSourceProperties'
DEBUG 24-04-12 22:31:47[restartedMain] [DefaultListableBeanFactory:808] - Autowiring by type from bean name 'dataSource' via factory method to bean named 'spring.datasource-org.springframework.boot.autoconfigure.jdbc.DataSourceProperties'
DEBUG 24-04-12 22:31:47[restartedMain] [HikariConfig:968] - Driver class org.postgresql.Driver found in Thread context class loader org.springframework.boot.devtools.restart.classloader.RestartClassLoader@53eb1e7
DEBUG 24-04-12 22:31:47[restartedMain] [DefaultListableBeanFactory:225] - Creating shared instance of singleton bean 'spring.sql.init-org.springframework.boot.autoconfigure.sql.init.SqlInitializationProperties'
DEBUG 24-04-12 22:31:47[restartedMain] [DefaultListableBeanFactory:808] - Autowiring by type from bean name 'dataSourceScriptDatabaseInitializer' via factory method to bean named 'dataSource'
DEBUG 24-04-12 22:31:47[restartedMain] [DefaultListableBeanFactory:808] - Autowiring by type from bean name 'dataSourceScriptDatabaseInitializer' via factory method to bean named 'spring.sql.init-org.springframework.boot.autoconfigure.sql.init.SqlInitializationProperties'
DEBUG 24-04-12 22:31:47[restartedMain] [DefaultListableBeanFactory:225] - Creating shared instance of singleton bean 'sqlSessionTemplate'
DEBUG 24-04-12 22:31:47[restartedMain] [DefaultListableBeanFactory:225] - Creating shared instance of singleton bean 'org.mybatis.spring.boot.autoconfigure.MybatisAutoConfiguration'
DEBUG 24-04-12 22:31:47[restartedMain] [DefaultListableBeanFactory:225] - Creating shared instance of singleton bean 'mybatis-org.mybatis.spring.boot.autoconfigure.MybatisProperties'
DEBUG 24-04-12 22:31:47[restartedMain] [DefaultListableBeanFactory:808] - Autowiring by type from bean name 'org.mybatis.spring.boot.autoconfigure.MybatisAutoConfiguration' via constructor to bean named 'mybatis-org.mybatis.spring.boot.autoconfigure.MybatisProperties'
DEBUG 24-04-12 22:31:47[restartedMain] [DefaultListableBeanFactory:808] - Autowiring by type from bean name 'org.mybatis.spring.boot.autoconfigure.MybatisAutoConfiguration' via constructor to bean named 'org.springframework.boot.web.servlet.context.AnnotationConfigServletWebServerApplicationContext@3dfd9e0d'
DEBUG 24-04-12 22:31:47[restartedMain] [DefaultListableBeanFactory:225] - Creating shared instance of singleton bean 'sqlSessionFactory'
DEBUG 24-04-12 22:31:47[restartedMain] [DefaultListableBeanFactory:808] - Autowiring by type from bean name 'sqlSessionFactory' via factory method to bean named 'dataSource'
DEBUG 24-04-12 22:31:47[restartedMain] [SqlSessionFactoryBean:49] - Parsed configuration file: 'class path resource [config/mybatis_config.xml]'
DEBUG 24-04-12 22:31:47[restartedMain] [SqlSessionFactoryBean:49] - Parsed mapper file: 'file [/Users/jangjegeun/eclipse-workspace/todaychef/bin/main/mapper/authMapper.xml]'
DEBUG 24-04-12 22:31:47[restartedMain] [SqlSessionFactoryBean:49] - Parsed mapper file: 'file [/Users/jangjegeun/eclipse-workspace/todaychef/bin/main/mapper/commonMapper.xml]'
DEBUG 24-04-12 22:31:47[restartedMain] [SqlSessionFactoryBean:49] - Parsed mapper file: 'file [/Users/jangjegeun/eclipse-workspace/todaychef/bin/main/mapper/memberMapper.xml]'
DEBUG 24-04-12 22:31:47[restartedMain] [DefaultListableBeanFactory:808] - Autowiring by type from bean name 'sqlSessionTemplate' via factory method to bean named 'sqlSessionFactory'
DEBUG 24-04-12 22:31:47[restartedMain] [DefaultListableBeanFactory:225] - Creating shared instance of singleton bean 'authService'
DEBUG 24-04-12 22:31:47[restartedMain] [DefaultListableBeanFactory:808] - Autowiring by type from bean name 'authService' via constructor to bean named 'jsonWebTokenIssuer'
DEBUG 24-04-12 22:31:47[restartedMain] [DefaultListableBeanFactory:225] - Creating shared instance of singleton bean 'messageUtils'
DEBUG 24-04-12 22:31:47[restartedMain] [DefaultListableBeanFactory:808] - Autowiring by type from bean name 'messageUtils' via constructor to bean named 'messageSource'
DEBUG 24-04-12 22:31:47[restartedMain] [DefaultListableBeanFactory:225] - Creating shared instance of singleton bean 'commonDaoImpl'
DEBUG 24-04-12 22:31:47[restartedMain] [DefaultListableBeanFactory:225] - Creating shared instance of singleton bean 'commonService'
DEBUG 24-04-12 22:31:47[restartedMain] [PropertySourcesPropertyResolver:115] - Found key 'send.host' in PropertySource 'environmentProperties' with value of type String
DEBUG 24-04-12 22:31:47[restartedMain] [PropertySourcesPropertyResolver:115] - Found key 'send.username' in PropertySource 'environmentProperties' with value of type String
DEBUG 24-04-12 22:31:47[restartedMain] [DefaultListableBeanFactory:225] - Creating shared instance of singleton bean 'securityConfig'
DEBUG 24-04-12 22:31:47[restartedMain] [DefaultListableBeanFactory:225] - Creating shared instance of singleton bean 'authenticationManagerBuilder'
DEBUG 24-04-12 22:31:47[restartedMain] [DefaultListableBeanFactory:225] - Creating shared instance of singleton bean 'org.springframework.security.config.annotation.authentication.configuration.AuthenticationConfiguration'
DEBUG 24-04-12 22:31:47[restartedMain] [DefaultListableBeanFactory:225] - Creating shared instance of singleton bean 'enableGlobalAuthenticationAutowiredConfigurer'
DEBUG 24-04-12 22:31:47[restartedMain] [DefaultListableBeanFactory:808] - Autowiring by type from bean name 'enableGlobalAuthenticationAutowiredConfigurer' via factory method to bean named 'org.springframework.boot.web.servlet.context.AnnotationConfigServletWebServerApplicationContext@3dfd9e0d'
DEBUG 24-04-12 22:31:47[restartedMain] [DefaultListableBeanFactory:225] - Creating shared instance of singleton bean 'initializeUserDetailsBeanManagerConfigurer'
DEBUG 24-04-12 22:31:47[restartedMain] [DefaultListableBeanFactory:808] - Autowiring by type from bean name 'initializeUserDetailsBeanManagerConfigurer' via factory method to bean named 'org.springframework.boot.web.servlet.context.AnnotationConfigServletWebServerApplicationContext@3dfd9e0d'
DEBUG 24-04-12 22:31:47[restartedMain] [DefaultListableBeanFactory:225] - Creating shared instance of singleton bean 'initializeAuthenticationProviderBeanManagerConfigurer'
DEBUG 24-04-12 22:31:47[restartedMain] [DefaultListableBeanFactory:808] - Autowiring by type from bean name 'initializeAuthenticationProviderBeanManagerConfigurer' via factory method to bean named 'org.springframework.boot.web.servlet.context.AnnotationConfigServletWebServerApplicationContext@3dfd9e0d'
DEBUG 24-04-12 22:31:47[restartedMain] [DefaultListableBeanFactory:225] - Creating shared instance of singleton bean 'objectPostProcessor'
DEBUG 24-04-12 22:31:47[restartedMain] [DefaultListableBeanFactory:225] - Creating shared instance of singleton bean 'org.springframework.security.config.annotation.configuration.ObjectPostProcessorConfiguration'
DEBUG 24-04-12 22:31:47[restartedMain] [DefaultListableBeanFactory:808] - Autowiring by type from bean name 'objectPostProcessor' via factory method to bean named 'org.springframework.beans.factory.support.DefaultListableBeanFactory@608b0ffe'
DEBUG 24-04-12 22:31:47[restartedMain] [DefaultListableBeanFactory:808] - Autowiring by type from bean name 'authenticationManagerBuilder' via factory method to bean named 'objectPostProcessor'
DEBUG 24-04-12 22:31:47[restartedMain] [DefaultListableBeanFactory:808] - Autowiring by type from bean name 'authenticationManagerBuilder' via factory method to bean named 'org.springframework.boot.web.servlet.context.AnnotationConfigServletWebServerApplicationContext@3dfd9e0d'
DEBUG 24-04-12 22:31:47[restartedMain] [DefaultListableBeanFactory:225] - Creating shared instance of singleton bean 'authenticationEventPublisher'
DEBUG 24-04-12 22:31:47[restartedMain] [DefaultListableBeanFactory:225] - Creating shared instance of singleton bean 'org.springframework.boot.autoconfigure.security.servlet.SecurityAutoConfiguration'
DEBUG 24-04-12 22:31:47[restartedMain] [DefaultListableBeanFactory:808] - Autowiring by type from bean name 'authenticationEventPublisher' via factory method to bean named 'org.springframework.boot.web.servlet.context.AnnotationConfigServletWebServerApplicationContext@3dfd9e0d'
DEBUG 24-04-12 22:31:47[restartedMain] [DefaultListableBeanFactory:808] - Autowiring by type from bean name 'securityConfig' via constructor to bean named 'authenticationManagerBuilder'
DEBUG 24-04-12 22:31:47[restartedMain] [DefaultListableBeanFactory:808] - Autowiring by type from bean name 'securityConfig' via constructor to bean named 'jwtAuthenticationProvider'
DEBUG 24-04-12 22:31:47[restartedMain] [DefaultListableBeanFactory:225] - Creating shared instance of singleton bean 'joinApiController'
DEBUG 24-04-12 22:31:47[restartedMain] [DefaultListableBeanFactory:225] - Creating shared instance of singleton bean 'joinService'
DEBUG 24-04-12 22:31:47[restartedMain] [DefaultListableBeanFactory:225] - Creating shared instance of singleton bean 'joinDaoImpl'
DEBUG 24-04-12 22:31:47[restartedMain] [DefaultListableBeanFactory:225] - Creating shared instance of singleton bean 'getOrDefaultUtil'
DEBUG 24-04-12 22:31:47[restartedMain] [DefaultListableBeanFactory:225] - Creating shared instance of singleton bean 'loginApiController'
DEBUG 24-04-12 22:31:47[restartedMain] [DefaultListableBeanFactory:225] - Creating shared instance of singleton bean 'authCheckUtil'
DEBUG 24-04-12 22:31:47[restartedMain] [DefaultListableBeanFactory:225] - Creating shared instance of singleton bean 'loginService'
DEBUG 24-04-12 22:31:47[restartedMain] [DefaultListableBeanFactory:225] - Creating shared instance of singleton bean 'loginDaoImpl'
DEBUG 24-04-12 22:31:47[restartedMain] [DefaultListableBeanFactory:225] - Creating shared instance of singleton bean 'defaultLocaleResolver'
DEBUG 24-04-12 22:31:47[restartedMain] [DefaultListableBeanFactory:225] - Creating shared instance of singleton bean 'messageSourceAccessor'
DEBUG 24-04-12 22:31:47[restartedMain] [DefaultListableBeanFactory:808] - Autowiring by type from bean name 'messageSourceAccessor' via factory method to bean named 'messageSource'
DEBUG 24-04-12 22:31:47[restartedMain] [DefaultListableBeanFactory:225] - Creating shared instance of singleton bean 'securityFilterChain'
DEBUG 24-04-12 22:31:47[restartedMain] [DefaultListableBeanFactory:225] - Creating shared instance of singleton bean 'org.springframework.security.config.annotation.web.configuration.HttpSecurityConfiguration'
DEBUG 24-04-12 22:31:47[restartedMain] [DefaultListableBeanFactory:225] - Creating shared instance of singleton bean 'mvcContentNegotiationManager'
DEBUG 24-04-12 22:31:47[restartedMain] [DefaultListableBeanFactory:225] - Creating shared instance of singleton bean 'org.springframework.boot.autoconfigure.web.servlet.WebMvcAutoConfiguration$EnableWebMvcConfiguration'
DEBUG 24-04-12 22:31:47[restartedMain] [DefaultListableBeanFactory:225] - Creating shared instance of singleton bean 'spring.web-org.springframework.boot.autoconfigure.web.WebProperties'
DEBUG 24-04-12 22:31:47[restartedMain] [DefaultListableBeanFactory:808] - Autowiring by type from bean name 'org.springframework.boot.autoconfigure.web.servlet.WebMvcAutoConfiguration$EnableWebMvcConfiguration' via constructor to bean named 'spring.mvc-org.springframework.boot.autoconfigure.web.servlet.WebMvcProperties'
DEBUG 24-04-12 22:31:47[restartedMain] [DefaultListableBeanFactory:808] - Autowiring by type from bean name 'org.springframework.boot.autoconfigure.web.servlet.WebMvcAutoConfiguration$EnableWebMvcConfiguration' via constructor to bean named 'spring.web-org.springframework.boot.autoconfigure.web.WebProperties'
DEBUG 24-04-12 22:31:47[restartedMain] [DefaultListableBeanFactory:808] - Autowiring by type from bean name 'org.springframework.boot.autoconfigure.web.servlet.WebMvcAutoConfiguration$EnableWebMvcConfiguration' via constructor to bean named 'org.springframework.beans.factory.support.DefaultListableBeanFactory@608b0ffe'
DEBUG 24-04-12 22:31:47[restartedMain] [DefaultListableBeanFactory:225] - Creating shared instance of singleton bean 'org.springframework.boot.autoconfigure.web.servlet.WebMvcAutoConfiguration$WebMvcAutoConfigurationAdapter'
DEBUG 24-04-12 22:31:47[restartedMain] [DefaultListableBeanFactory:808] - Autowiring by type from bean name 'org.springframework.boot.autoconfigure.web.servlet.WebMvcAutoConfiguration$WebMvcAutoConfigurationAdapter' via constructor to bean named 'spring.web-org.springframework.boot.autoconfigure.web.WebProperties'
DEBUG 24-04-12 22:31:47[restartedMain] [DefaultListableBeanFactory:808] - Autowiring by type from bean name 'org.springframework.boot.autoconfigure.web.servlet.WebMvcAutoConfiguration$WebMvcAutoConfigurationAdapter' via constructor to bean named 'spring.mvc-org.springframework.boot.autoconfigure.web.servlet.WebMvcProperties'
DEBUG 24-04-12 22:31:47[restartedMain] [DefaultListableBeanFactory:808] - Autowiring by type from bean name 'org.springframework.boot.autoconfigure.web.servlet.WebMvcAutoConfiguration$WebMvcAutoConfigurationAdapter' via constructor to bean named 'org.springframework.beans.factory.support.DefaultListableBeanFactory@608b0ffe'
DEBUG 24-04-12 22:31:47[restartedMain] [DefaultListableBeanFactory:225] - Creating shared instance of singleton bean 'org.springframework.security.config.annotation.web.configuration.WebMvcSecurityConfiguration'
DEBUG 24-04-12 22:31:47[restartedMain] [DefaultListableBeanFactory:225] - Creating shared instance of singleton bean 'org.springframework.boot.autoconfigure.security.servlet.SpringBootWebSecurityConfiguration$WebSecurityEnablerConfiguration'
DEBUG 24-04-12 22:31:47[restartedMain] [DefaultListableBeanFactory:808] - Autowiring by type from bean name 'securityFilterChain' via factory method to bean named 'org.springframework.security.config.annotation.web.configuration.HttpSecurityConfiguration.httpSecurity'
DEBUG 24-04-12 22:31:47[restartedMain] [DefaultListableBeanFactory:225] - Creating shared instance of singleton bean 'mvcHandlerMappingIntrospector'
DEBUG 24-04-12 22:31:47[restartedMain] [DefaultListableBeanFactory:225] - Creating shared instance of singleton bean 'welcomePageHandlerMapping'
DEBUG 24-04-12 22:31:47[restartedMain] [DefaultListableBeanFactory:225] - Creating shared instance of singleton bean 'mvcConversionService'
DEBUG 24-04-12 22:31:47[restartedMain] [DefaultListableBeanFactory:225] - Creating shared instance of singleton bean 'mvcResourceUrlProvider'
DEBUG 24-04-12 22:31:47[restartedMain] [DefaultListableBeanFactory:808] - Autowiring by type from bean name 'welcomePageHandlerMapping' via factory method to bean named 'org.springframework.boot.web.servlet.context.AnnotationConfigServletWebServerApplicationContext@3dfd9e0d'
DEBUG 24-04-12 22:31:47[restartedMain] [DefaultListableBeanFactory:808] - Autowiring by type from bean name 'welcomePageHandlerMapping' via factory method to bean named 'mvcConversionService'
DEBUG 24-04-12 22:31:47[restartedMain] [DefaultListableBeanFactory:808] - Autowiring by type from bean name 'welcomePageHandlerMapping' via factory method to bean named 'mvcResourceUrlProvider'
DEBUG 24-04-12 22:31:47[restartedMain] [DefaultListableBeanFactory:225] - Creating shared instance of singleton bean 'welcomePageNotAcceptableHandlerMapping'
DEBUG 24-04-12 22:31:47[restartedMain] [DefaultListableBeanFactory:808] - Autowiring by type from bean name 'welcomePageNotAcceptableHandlerMapping' via factory method to bean named 'org.springframework.boot.web.servlet.context.AnnotationConfigServletWebServerApplicationContext@3dfd9e0d'
DEBUG 24-04-12 22:31:47[restartedMain] [DefaultListableBeanFactory:808] - Autowiring by type from bean name 'welcomePageNotAcceptableHandlerMapping' via factory method to bean named 'mvcConversionService'
DEBUG 24-04-12 22:31:47[restartedMain] [DefaultListableBeanFactory:808] - Autowiring by type from bean name 'welcomePageNotAcceptableHandlerMapping' via factory method to bean named 'mvcResourceUrlProvider'
DEBUG 24-04-12 22:31:47[restartedMain] [DefaultListableBeanFactory:225] - Creating shared instance of singleton bean 'requestMappingHandlerMapping'
DEBUG 24-04-12 22:31:47[restartedMain] [DefaultListableBeanFactory:808] - Autowiring by type from bean name 'requestMappingHandlerMapping' via factory method to bean named 'mvcContentNegotiationManager'
DEBUG 24-04-12 22:31:47[restartedMain] [DefaultListableBeanFactory:808] - Autowiring by type from bean name 'requestMappingHandlerMapping' via factory method to bean named 'mvcConversionService'
DEBUG 24-04-12 22:31:47[restartedMain] [DefaultListableBeanFactory:808] - Autowiring by type from bean name 'requestMappingHandlerMapping' via factory method to bean named 'mvcResourceUrlProvider'
DEBUG 24-04-12 22:31:47[restartedMain] [Mappings:294] - 
	c.y.t.m.c.JoinApiController:
	{POST [/join/signup]}: Join(Map)
DEBUG 24-04-12 22:31:47[restartedMain] [Mappings:294] - 
	c.y.t.m.c.LoginApiController:
	{POST [/login]}: Login(HttpServletRequest,Map)
	{POST [/logout]}: LogOut(HttpServletRequest)
DEBUG 24-04-12 22:31:47[restartedMain] [Mappings:294] - 
	o.s.b.a.w.s.e.BasicErrorController:
	{ [/error]}: error(HttpServletRequest)
	{ [/error], produces [text/html]}: errorHtml(HttpServletRequest,HttpServletResponse)
DEBUG 24-04-12 22:31:47[restartedMain] [RequestMappingHandlerMapping:366] - 5 mappings in 'requestMappingHandlerMapping'
DEBUG 24-04-12 22:31:47[restartedMain] [DefaultListableBeanFactory:225] - Creating shared instance of singleton bean 'viewControllerHandlerMapping'
DEBUG 24-04-12 22:31:47[restartedMain] [DefaultListableBeanFactory:808] - Autowiring by type from bean name 'viewControllerHandlerMapping' via factory method to bean named 'mvcConversionService'
DEBUG 24-04-12 22:31:47[restartedMain] [DefaultListableBeanFactory:808] - Autowiring by type from bean name 'viewControllerHandlerMapping' via factory method to bean named 'mvcResourceUrlProvider'
DEBUG 24-04-12 22:31:47[restartedMain] [DefaultListableBeanFactory:225] - Creating shared instance of singleton bean 'beanNameHandlerMapping'
DEBUG 24-04-12 22:31:47[restartedMain] [DefaultListableBeanFactory:808] - Autowiring by type from bean name 'beanNameHandlerMapping' via factory method to bean named 'mvcConversionService'
DEBUG 24-04-12 22:31:47[restartedMain] [DefaultListableBeanFactory:808] - Autowiring by type from bean name 'beanNameHandlerMapping' via factory method to bean named 'mvcResourceUrlProvider'
DEBUG 24-04-12 22:31:47[restartedMain] [Mappings:86] - 'beanNameHandlerMapping' {}
DEBUG 24-04-12 22:31:47[restartedMain] [DefaultListableBeanFactory:225] - Creating shared instance of singleton bean 'routerFunctionMapping'
DEBUG 24-04-12 22:31:47[restartedMain] [DefaultListableBeanFactory:808] - Autowiring by type from bean name 'routerFunctionMapping' via factory method to bean named 'mvcConversionService'
DEBUG 24-04-12 22:31:47[restartedMain] [DefaultListableBeanFactory:808] - Autowiring by type from bean name 'routerFunctionMapping' via factory method to bean named 'mvcResourceUrlProvider'
DEBUG 24-04-12 22:31:47[restartedMain] [DefaultListableBeanFactory:225] - Creating shared instance of singleton bean 'messageConverters'
DEBUG 24-04-12 22:31:47[restartedMain] [DefaultListableBeanFactory:225] - Creating shared instance of singleton bean 'org.springframework.boot.autoconfigure.http.HttpMessageConvertersAutoConfiguration'
DEBUG 24-04-12 22:31:47[restartedMain] [DefaultListableBeanFactory:225] - Creating shared instance of singleton bean 'stringHttpMessageConverter'
DEBUG 24-04-12 22:31:47[restartedMain] [DefaultListableBeanFactory:225] - Creating shared instance of singleton bean 'org.springframework.boot.autoconfigure.http.HttpMessageConvertersAutoConfiguration$StringHttpMessageConverterConfiguration'
DEBUG 24-04-12 22:31:47[restartedMain] [DefaultListableBeanFactory:808] - Autowiring by type from bean name 'stringHttpMessageConverter' via factory method to bean named 'environment'
DEBUG 24-04-12 22:31:47[restartedMain] [DefaultListableBeanFactory:225] - Creating shared instance of singleton bean 'mappingJackson2HttpMessageConverter'
DEBUG 24-04-12 22:31:47[restartedMain] [DefaultListableBeanFactory:225] - Creating shared instance of singleton bean 'org.springframework.boot.autoconfigure.http.JacksonHttpMessageConvertersConfiguration$MappingJackson2HttpMessageConverterConfiguration'
DEBUG 24-04-12 22:31:47[restartedMain] [DefaultListableBeanFactory:225] - Creating shared instance of singleton bean 'jacksonObjectMapper'
DEBUG 24-04-12 22:31:47[restartedMain] [DefaultListableBeanFactory:225] - Creating shared instance of singleton bean 'org.springframework.boot.autoconfigure.jackson.JacksonAutoConfiguration$JacksonObjectMapperConfiguration'
DEBUG 24-04-12 22:31:47[restartedMain] [DefaultListableBeanFactory:225] - Creating shared instance of singleton bean 'org.springframework.boot.autoconfigure.jackson.JacksonAutoConfiguration$JacksonObjectMapperBuilderConfiguration'
DEBUG 24-04-12 22:31:47[restartedMain] [DefaultListableBeanFactory:225] - Creating shared instance of singleton bean 'standardJacksonObjectMapperBuilderCustomizer'
DEBUG 24-04-12 22:31:47[restartedMain] [DefaultListableBeanFactory:225] - Creating shared instance of singleton bean 'org.springframework.boot.autoconfigure.jackson.JacksonAutoConfiguration$Jackson2ObjectMapperBuilderCustomizerConfiguration'
DEBUG 24-04-12 22:31:47[restartedMain] [DefaultListableBeanFactory:225] - Creating shared instance of singleton bean 'spring.jackson-org.springframework.boot.autoconfigure.jackson.JacksonProperties'
DEBUG 24-04-12 22:31:47[restartedMain] [DefaultListableBeanFactory:808] - Autowiring by type from bean name 'standardJacksonObjectMapperBuilderCustomizer' via factory method to bean named 'spring.jackson-org.springframework.boot.autoconfigure.jackson.JacksonProperties'
DEBUG 24-04-12 22:31:47[restartedMain] [DefaultListableBeanFactory:225] - Creating shared instance of singleton bean 'parameterNamesModule'
DEBUG 24-04-12 22:31:47[restartedMain] [DefaultListableBeanFactory:225] - Creating shared instance of singleton bean 'org.springframework.boot.autoconfigure.jackson.JacksonAutoConfiguration$ParameterNamesModuleConfiguration'
DEBUG 24-04-12 22:31:47[restartedMain] [DefaultListableBeanFactory:225] - Creating shared instance of singleton bean 'jsonMixinModule'
DEBUG 24-04-12 22:31:47[restartedMain] [DefaultListableBeanFactory:225] - Creating shared instance of singleton bean 'org.springframework.boot.autoconfigure.jackson.JacksonAutoConfiguration$JacksonMixinConfiguration'
DEBUG 24-04-12 22:31:47[restartedMain] [DefaultListableBeanFactory:225] - Creating shared instance of singleton bean 'jsonMixinModuleEntries'
DEBUG 24-04-12 22:31:47[restartedMain] [DefaultListableBeanFactory:808] - Autowiring by type from bean name 'jsonMixinModuleEntries' via factory method to bean named 'org.springframework.boot.web.servlet.context.AnnotationConfigServletWebServerApplicationContext@3dfd9e0d'
DEBUG 24-04-12 22:31:47[restartedMain] [DefaultListableBeanFactory:808] - Autowiring by type from bean name 'jsonMixinModule' via factory method to bean named 'org.springframework.boot.web.servlet.context.AnnotationConfigServletWebServerApplicationContext@3dfd9e0d'
DEBUG 24-04-12 22:31:47[restartedMain] [DefaultListableBeanFactory:808] - Autowiring by type from bean name 'jsonMixinModule' via factory method to bean named 'jsonMixinModuleEntries'
DEBUG 24-04-12 22:31:47[restartedMain] [DefaultListableBeanFactory:225] - Creating shared instance of singleton bean 'jsonComponentModule'
DEBUG 24-04-12 22:31:47[restartedMain] [DefaultListableBeanFactory:225] - Creating shared instance of singleton bean 'org.springframework.boot.autoconfigure.jackson.JacksonAutoConfiguration'
DEBUG 24-04-12 22:31:47[restartedMain] [DefaultListableBeanFactory:808] - Autowiring by type from bean name 'jacksonObjectMapperBuilder' via factory method to bean named 'org.springframework.boot.web.servlet.context.AnnotationConfigServletWebServerApplicationContext@3dfd9e0d'
DEBUG 24-04-12 22:31:47[restartedMain] [DefaultListableBeanFactory:808] - Autowiring by type from bean name 'jacksonObjectMapperBuilder' via factory method to bean named 'standardJacksonObjectMapperBuilderCustomizer'
DEBUG 24-04-12 22:31:47[restartedMain] [DefaultListableBeanFactory:808] - Autowiring by type from bean name 'jacksonObjectMapper' via factory method to bean named 'jacksonObjectMapperBuilder'
DEBUG 24-04-12 22:31:47[restartedMain] [DefaultListableBeanFactory:808] - Autowiring by type from bean name 'mappingJackson2HttpMessageConverter' via factory method to bean named 'jacksonObjectMapper'
DEBUG 24-04-12 22:31:47[restartedMain] [DefaultListableBeanFactory:225] - Creating shared instance of singleton bean 'resourceHandlerMapping'
DEBUG 24-04-12 22:31:47[restartedMain] [DefaultListableBeanFactory:808] - Autowiring by type from bean name 'resourceHandlerMapping' via factory method to bean named 'mvcContentNegotiationManager'
DEBUG 24-04-12 22:31:47[restartedMain] [DefaultListableBeanFactory:808] - Autowiring by type from bean name 'resourceHandlerMapping' via factory method to bean named 'mvcConversionService'
DEBUG 24-04-12 22:31:47[restartedMain] [DefaultListableBeanFactory:808] - Autowiring by type from bean name 'resourceHandlerMapping' via factory method to bean named 'mvcResourceUrlProvider'
DEBUG 24-04-12 22:31:47[restartedMain] [Mappings:176] - 'resourceHandlerMapping' {/webjars/**=ResourceHttpRequestHandler [classpath [META-INF/resources/webjars/]], /**=ResourceHttpRequestHandler [classpath [META-INF/resources/], classpath [resources/], classpath [static/], classpath [public/], ServletContext [/]]}
DEBUG 24-04-12 22:31:47[restartedMain] [DefaultListableBeanFactory:225] - Creating shared instance of singleton bean 'defaultServletHandlerMapping'
INFO  24-04-12 22:31:47[restartedMain] [DefaultSecurityFilterChain:54] - Will secure any request with [org.springframework.security.web.session.DisableEncodeUrlFilter@2af768e0, org.springframework.security.web.context.request.async.WebAsyncManagerIntegrationFilter@79ba9663, org.springframework.security.web.context.SecurityContextHolderFilter@633c5d21, org.springframework.security.web.header.HeaderWriterFilter@4ac66cbc, org.springframework.security.web.csrf.CsrfFilter@112614d6, org.springframework.security.web.authentication.logout.LogoutFilter@7b49b6dc, com.youandjang.todaychef.auth.JwtAuthenticationFilter@684aae24, org.springframework.security.web.savedrequest.RequestCacheAwareFilter@7be46871, org.springframework.security.web.servletapi.SecurityContextHolderAwareRequestFilter@44cf050a, org.springframework.security.web.authentication.AnonymousAuthenticationFilter@42493acd, org.springframework.security.web.access.ExceptionTranslationFilter@6a6a4817, org.springframework.security.web.access.intercept.AuthorizationFilter@4eb3a5b8]
DEBUG 24-04-12 22:31:47[restartedMain] [DefaultListableBeanFactory:225] - Creating shared instance of singleton bean 'org.springframework.boot.autoconfigure.context.PropertyPlaceholderAutoConfiguration'
DEBUG 24-04-12 22:31:47[restartedMain] [DefaultListableBeanFactory:225] - Creating shared instance of singleton bean 'org.springframework.boot.autoconfigure.websocket.servlet.WebSocketServletAutoConfiguration'
DEBUG 24-04-12 22:31:47[restartedMain] [DefaultListableBeanFactory:225] - Creating shared instance of singleton bean 'org.springframework.boot.context.properties.EnableConfigurationPropertiesRegistrar.methodValidationExcludeFilter'
DEBUG 24-04-12 22:31:47[restartedMain] [DefaultListableBeanFactory:225] - Creating shared instance of singleton bean 'org.springframework.boot.autoconfigure.web.servlet.DispatcherServletAutoConfiguration'
DEBUG 24-04-12 22:31:47[restartedMain] [DefaultListableBeanFactory:225] - Creating shared instance of singleton bean 'org.springframework.boot.autoconfigure.task.TaskExecutionAutoConfiguration'
DEBUG 24-04-12 22:31:47[restartedMain] [DefaultListableBeanFactory:225] - Creating shared instance of singleton bean 'taskExecutorBuilder'
DEBUG 24-04-12 22:31:47[restartedMain] [DefaultListableBeanFactory:225] - Creating shared instance of singleton bean 'spring.task.execution-org.springframework.boot.autoconfigure.task.TaskExecutionProperties'
DEBUG 24-04-12 22:31:47[restartedMain] [DefaultListableBeanFactory:808] - Autowiring by type from bean name 'taskExecutorBuilder' via factory method to bean named 'spring.task.execution-org.springframework.boot.autoconfigure.task.TaskExecutionProperties'
DEBUG 24-04-12 22:31:47[restartedMain] [DefaultListableBeanFactory:225] - Creating shared instance of singleton bean 'org.springframework.boot.autoconfigure.web.servlet.error.ErrorMvcAutoConfiguration$WhitelabelErrorViewConfiguration'
DEBUG 24-04-12 22:31:47[restartedMain] [DefaultListableBeanFactory:225] - Creating shared instance of singleton bean 'error'
DEBUG 24-04-12 22:31:47[restartedMain] [DefaultListableBeanFactory:225] - Creating shared instance of singleton bean 'beanNameViewResolver'
DEBUG 24-04-12 22:31:47[restartedMain] [DefaultListableBeanFactory:225] - Creating shared instance of singleton bean 'org.springframework.boot.autoconfigure.web.servlet.error.ErrorMvcAutoConfiguration$DefaultErrorViewResolverConfiguration'
DEBUG 24-04-12 22:31:47[restartedMain] [DefaultListableBeanFactory:808] - Autowiring by type from bean name 'org.springframework.boot.autoconfigure.web.servlet.error.ErrorMvcAutoConfiguration$DefaultErrorViewResolverConfiguration' via constructor to bean named 'org.springframework.boot.web.servlet.context.AnnotationConfigServletWebServerApplicationContext@3dfd9e0d'
DEBUG 24-04-12 22:31:47[restartedMain] [DefaultListableBeanFactory:808] - Autowiring by type from bean name 'org.springframework.boot.autoconfigure.web.servlet.error.ErrorMvcAutoConfiguration$DefaultErrorViewResolverConfiguration' via constructor to bean named 'spring.web-org.springframework.boot.autoconfigure.web.WebProperties'
DEBUG 24-04-12 22:31:47[restartedMain] [DefaultListableBeanFactory:225] - Creating shared instance of singleton bean 'conventionErrorViewResolver'
DEBUG 24-04-12 22:31:47[restartedMain] [DefaultListableBeanFactory:225] - Creating shared instance of singleton bean 'errorAttributes'
DEBUG 24-04-12 22:31:47[restartedMain] [DefaultListableBeanFactory:225] - Creating shared instance of singleton bean 'basicErrorController'
DEBUG 24-04-12 22:31:47[restartedMain] [DefaultListableBeanFactory:808] - Autowiring by type from bean name 'basicErrorController' via factory method to bean named 'errorAttributes'
DEBUG 24-04-12 22:31:47[restartedMain] [DefaultListableBeanFactory:225] - Creating shared instance of singleton bean 'requestMappingHandlerAdapter'
DEBUG 24-04-12 22:31:47[restartedMain] [DefaultListableBeanFactory:225] - Creating shared instance of singleton bean 'mvcValidator'
DEBUG 24-04-12 22:31:47[restartedMain] [DefaultListableBeanFactory:808] - Autowiring by type from bean name 'requestMappingHandlerAdapter' via factory method to bean named 'mvcContentNegotiationManager'
DEBUG 24-04-12 22:31:47[restartedMain] [DefaultListableBeanFactory:808] - Autowiring by type from bean name 'requestMappingHandlerAdapter' via factory method to bean named 'mvcConversionService'
DEBUG 24-04-12 22:31:47[restartedMain] [DefaultListableBeanFactory:808] - Autowiring by type from bean name 'requestMappingHandlerAdapter' via factory method to bean named 'mvcValidator'
DEBUG 24-04-12 22:31:47[restartedMain] [DefaultListableBeanFactory:225] - Creating shared instance of singleton bean 'applicationTaskExecutor'
DEBUG 24-04-12 22:31:47[restartedMain] [DefaultListableBeanFactory:808] - Autowiring by type from bean name 'applicationTaskExecutor' via factory method to bean named 'taskExecutorBuilder'
DEBUG 24-04-12 22:31:47[restartedMain] [ThreadPoolTaskExecutor:184] - Initializing ExecutorService 'applicationTaskExecutor'
DEBUG 24-04-12 22:31:47[restartedMain] [RequestMappingHandlerAdapter:614] - ControllerAdvice beans: 0 @ModelAttribute, 0 @InitBinder, 1 RequestBodyAdvice, 1 ResponseBodyAdvice
DEBUG 24-04-12 22:31:47[restartedMain] [DefaultListableBeanFactory:225] - Creating shared instance of singleton bean 'localeResolver'
DEBUG 24-04-12 22:31:47[restartedMain] [DefaultListableBeanFactory:225] - Creating shared instance of singleton bean 'themeResolver'
DEBUG 24-04-12 22:31:47[restartedMain] [DefaultListableBeanFactory:225] - Creating shared instance of singleton bean 'flashMapManager'
DEBUG 24-04-12 22:31:47[restartedMain] [DefaultListableBeanFactory:225] - Creating shared instance of singleton bean 'mvcPatternParser'
DEBUG 24-04-12 22:31:47[restartedMain] [DefaultListableBeanFactory:225] - Creating shared instance of singleton bean 'mvcUrlPathHelper'
DEBUG 24-04-12 22:31:47[restartedMain] [DefaultListableBeanFactory:225] - Creating shared instance of singleton bean 'mvcPathMatcher'
DEBUG 24-04-12 22:31:47[restartedMain] [DefaultListableBeanFactory:225] - Creating shared instance of singleton bean 'handlerFunctionAdapter'
DEBUG 24-04-12 22:31:47[restartedMain] [DefaultListableBeanFactory:225] - Creating shared instance of singleton bean 'mvcUriComponentsContributor'
DEBUG 24-04-12 22:31:47[restartedMain] [DefaultListableBeanFactory:808] - Autowiring by type from bean name 'mvcUriComponentsContributor' via factory method to bean named 'mvcConversionService'
DEBUG 24-04-12 22:31:47[restartedMain] [DefaultListableBeanFactory:808] - Autowiring by type from bean name 'mvcUriComponentsContributor' via factory method to bean named 'requestMappingHandlerAdapter'
DEBUG 24-04-12 22:31:47[restartedMain] [DefaultListableBeanFactory:225] - Creating shared instance of singleton bean 'httpRequestHandlerAdapter'
DEBUG 24-04-12 22:31:47[restartedMain] [DefaultListableBeanFactory:225] - Creating shared instance of singleton bean 'simpleControllerHandlerAdapter'
DEBUG 24-04-12 22:31:47[restartedMain] [DefaultListableBeanFactory:225] - Creating shared instance of singleton bean 'handlerExceptionResolver'
DEBUG 24-04-12 22:31:47[restartedMain] [DefaultListableBeanFactory:808] - Autowiring by type from bean name 'handlerExceptionResolver' via factory method to bean named 'mvcContentNegotiationManager'
DEBUG 24-04-12 22:31:47[restartedMain] [ExceptionHandlerExceptionResolver:292] - ControllerAdvice beans: 0 @ExceptionHandler, 1 ResponseBodyAdvice
DEBUG 24-04-12 22:31:47[restartedMain] [DefaultListableBeanFactory:225] - Creating shared instance of singleton bean 'mvcViewResolver'
DEBUG 24-04-12 22:31:47[restartedMain] [DefaultListableBeanFactory:808] - Autowiring by type from bean name 'mvcViewResolver' via factory method to bean named 'mvcContentNegotiationManager'
DEBUG 24-04-12 22:31:47[restartedMain] [DefaultListableBeanFactory:225] - Creating shared instance of singleton bean 'viewNameTranslator'
DEBUG 24-04-12 22:31:47[restartedMain] [DefaultListableBeanFactory:225] - Creating shared instance of singleton bean 'defaultViewResolver'
DEBUG 24-04-12 22:31:47[restartedMain] [DefaultListableBeanFactory:225] - Creating shared instance of singleton bean 'viewResolver'
DEBUG 24-04-12 22:31:47[restartedMain] [DefaultListableBeanFactory:808] - Autowiring by type from bean name 'viewResolver' via factory method to bean named 'org.springframework.beans.factory.support.DefaultListableBeanFactory@608b0ffe'
DEBUG 24-04-12 22:31:47[restartedMain] [DefaultListableBeanFactory:225] - Creating shared instance of singleton bean 'viewResolver'
DEBUG 24-04-12 22:31:47[restartedMain] [DefaultListableBeanFactory:225] - Creating shared instance of singleton bean 'org.springframework.boot.autoconfigure.jdbc.DataSourceJmxConfiguration$Hikari'
DEBUG 24-04-12 22:31:47[restartedMain] [DefaultListableBeanFactory:808] - Autowiring by type from bean name 'org.springframework.boot.autoconfigure.jdbc.DataSourceJmxConfiguration$Hikari' via constructor to bean named 'dataSource'
DEBUG 24-04-12 22:31:47[restartedMain] [DefaultListableBeanFactory:225] - Creating shared instance of singleton bean 'org.springframework.boot.autoconfigure.jdbc.DataSourceJmxConfiguration'
DEBUG 24-04-12 22:31:47[restartedMain] [DefaultListableBeanFactory:225] - Creating shared instance of singleton bean 'org.springframework.boot.autoconfigure.jdbc.DataSourceAutoConfiguration$PooledDataSourceConfiguration'
DEBUG 24-04-12 22:31:47[restartedMain] [DefaultListableBeanFactory:225] - Creating shared instance of singleton bean 'org.springframework.boot.autoconfigure.jdbc.metadata.DataSourcePoolMetadataProvidersConfiguration$HikariPoolDataSourceMetadataProviderConfiguration'
DEBUG 24-04-12 22:31:47[restartedMain] [DefaultListableBeanFactory:225] - Creating shared instance of singleton bean 'hikariPoolDataSourceMetadataProvider'
DEBUG 24-04-12 22:31:47[restartedMain] [DefaultListableBeanFactory:225] - Creating shared instance of singleton bean 'org.springframework.boot.autoconfigure.jdbc.metadata.DataSourcePoolMetadataProvidersConfiguration'
DEBUG 24-04-12 22:31:47[restartedMain] [DefaultListableBeanFactory:225] - Creating shared instance of singleton bean 'org.springframework.boot.autoconfigure.jdbc.DataSourceAutoConfiguration'
DEBUG 24-04-12 22:31:47[restartedMain] [DefaultListableBeanFactory:225] - Creating shared instance of singleton bean 'org.mybatis.spring.boot.autoconfigure.MybatisLanguageDriverAutoConfiguration'
DEBUG 24-04-12 22:31:47[restartedMain] [DefaultListableBeanFactory:225] - Creating shared instance of singleton bean 'org.mybatis.spring.boot.autoconfigure.MybatisAutoConfiguration$MapperScannerRegistrarNotFoundConfiguration'
DEBUG 24-04-12 22:31:47[restartedMain] [MybatisAutoConfiguration:319] - Not found configuration for registering mapper bean using @MapperScan, MapperFactoryBean and MapperScannerConfigurer.
DEBUG 24-04-12 22:31:47[restartedMain] [DefaultListableBeanFactory:225] - Creating shared instance of singleton bean 'org.springframework.boot.autoconfigure.jmx.JmxAutoConfiguration'
DEBUG 24-04-12 22:31:47[restartedMain] [DefaultListableBeanFactory:225] - Creating shared instance of singleton bean 'spring.jmx-org.springframework.boot.autoconfigure.jmx.JmxProperties'
DEBUG 24-04-12 22:31:47[restartedMain] [DefaultListableBeanFactory:808] - Autowiring by type from bean name 'org.springframework.boot.autoconfigure.jmx.JmxAutoConfiguration' via constructor to bean named 'spring.jmx-org.springframework.boot.autoconfigure.jmx.JmxProperties'
DEBUG 24-04-12 22:31:47[restartedMain] [DefaultListableBeanFactory:225] - Creating shared instance of singleton bean 'mbeanExporter'
DEBUG 24-04-12 22:31:47[restartedMain] [DefaultListableBeanFactory:225] - Creating shared instance of singleton bean 'objectNamingStrategy'
DEBUG 24-04-12 22:31:47[restartedMain] [DefaultListableBeanFactory:808] - Autowiring by type from bean name 'mbeanExporter' via factory method to bean named 'objectNamingStrategy'
DEBUG 24-04-12 22:31:47[restartedMain] [DefaultListableBeanFactory:808] - Autowiring by type from bean name 'mbeanExporter' via factory method to bean named 'org.springframework.beans.factory.support.DefaultListableBeanFactory@608b0ffe'
DEBUG 24-04-12 22:31:47[restartedMain] [DefaultListableBeanFactory:225] - Creating shared instance of singleton bean 'mbeanServer'
DEBUG 24-04-12 22:31:47[restartedMain] [JmxUtils:127] - Found MBeanServer: com.sun.jmx.mbeanserver.JmxMBeanServer@5e91993f
DEBUG 24-04-12 22:31:47[restartedMain] [DefaultListableBeanFactory:225] - Creating shared instance of singleton bean 'org.springframework.boot.autoconfigure.admin.SpringApplicationAdminJmxAutoConfiguration'
DEBUG 24-04-12 22:31:47[restartedMain] [DefaultListableBeanFactory:225] - Creating shared instance of singleton bean 'springApplicationAdminRegistrar'
DEBUG 24-04-12 22:31:47[restartedMain] [DefaultListableBeanFactory:808] - Autowiring by type from bean name 'springApplicationAdminRegistrar' via factory method to bean named 'environment'
DEBUG 24-04-12 22:31:47[restartedMain] [SpringApplicationAdminMXBeanRegistrar$SpringApplicationAdmin:131] - Application Admin MBean registered with name 'org.springframework.boot:type=Admin,name=SpringApplication'
DEBUG 24-04-12 22:31:47[restartedMain] [DefaultListableBeanFactory:225] - Creating shared instance of singleton bean 'org.springframework.boot.autoconfigure.aop.AopAutoConfiguration$ClassProxyingConfiguration'
DEBUG 24-04-12 22:31:47[restartedMain] [DefaultListableBeanFactory:225] - Creating shared instance of singleton bean 'org.springframework.boot.autoconfigure.aop.AopAutoConfiguration'
DEBUG 24-04-12 22:31:47[restartedMain] [DefaultListableBeanFactory:225] - Creating shared instance of singleton bean 'org.springframework.boot.autoconfigure.availability.ApplicationAvailabilityAutoConfiguration'
DEBUG 24-04-12 22:31:47[restartedMain] [DefaultListableBeanFactory:225] - Creating shared instance of singleton bean 'applicationAvailability'
DEBUG 24-04-12 22:31:47[restartedMain] [DefaultListableBeanFactory:225] - Creating shared instance of singleton bean 'org.springframework.boot.autoconfigure.context.ConfigurationPropertiesAutoConfiguration'
DEBUG 24-04-12 22:31:47[restartedMain] [DefaultListableBeanFactory:225] - Creating shared instance of singleton bean 'org.springframework.boot.autoconfigure.context.LifecycleAutoConfiguration'
DEBUG 24-04-12 22:31:47[restartedMain] [DefaultListableBeanFactory:225] - Creating shared instance of singleton bean 'lifecycleProcessor'
DEBUG 24-04-12 22:31:47[restartedMain] [DefaultListableBeanFactory:225] - Creating shared instance of singleton bean 'spring.lifecycle-org.springframework.boot.autoconfigure.context.LifecycleProperties'
DEBUG 24-04-12 22:31:47[restartedMain] [DefaultListableBeanFactory:808] - Autowiring by type from bean name 'lifecycleProcessor' via factory method to bean named 'spring.lifecycle-org.springframework.boot.autoconfigure.context.LifecycleProperties'
DEBUG 24-04-12 22:31:47[restartedMain] [DefaultListableBeanFactory:225] - Creating shared instance of singleton bean 'org.springframework.boot.autoconfigure.dao.PersistenceExceptionTranslationAutoConfiguration'
DEBUG 24-04-12 22:31:47[restartedMain] [DefaultListableBeanFactory:225] - Creating shared instance of singleton bean 'org.springframework.boot.autoconfigure.gson.GsonAutoConfiguration'
DEBUG 24-04-12 22:31:47[restartedMain] [DefaultListableBeanFactory:225] - Creating shared instance of singleton bean 'gsonBuilder'
DEBUG 24-04-12 22:31:47[restartedMain] [DefaultListableBeanFactory:225] - Creating shared instance of singleton bean 'standardGsonBuilderCustomizer'
DEBUG 24-04-12 22:31:47[restartedMain] [DefaultListableBeanFactory:225] - Creating shared instance of singleton bean 'spring.gson-org.springframework.boot.autoconfigure.gson.GsonProperties'
DEBUG 24-04-12 22:31:47[restartedMain] [DefaultListableBeanFactory:808] - Autowiring by type from bean name 'standardGsonBuilderCustomizer' via factory method to bean named 'spring.gson-org.springframework.boot.autoconfigure.gson.GsonProperties'
DEBUG 24-04-12 22:31:47[restartedMain] [DefaultListableBeanFactory:808] - Autowiring by type from bean name 'gsonBuilder' via factory method to bean named 'standardGsonBuilderCustomizer'
DEBUG 24-04-12 22:31:47[restartedMain] [DefaultListableBeanFactory:225] - Creating shared instance of singleton bean 'gson'
DEBUG 24-04-12 22:31:47[restartedMain] [DefaultListableBeanFactory:808] - Autowiring by type from bean name 'gson' via factory method to bean named 'gsonBuilder'
DEBUG 24-04-12 22:31:47[restartedMain] [DefaultListableBeanFactory:225] - Creating shared instance of singleton bean 'org.springframework.boot.autoconfigure.http.JacksonHttpMessageConvertersConfiguration'
DEBUG 24-04-12 22:31:47[restartedMain] [DefaultListableBeanFactory:225] - Creating shared instance of singleton bean 'org.springframework.boot.autoconfigure.http.GsonHttpMessageConvertersConfiguration'
DEBUG 24-04-12 22:31:47[restartedMain] [DefaultListableBeanFactory:225] - Creating shared instance of singleton bean 'org.springframework.boot.autoconfigure.info.ProjectInfoAutoConfiguration'
DEBUG 24-04-12 22:31:47[restartedMain] [DefaultListableBeanFactory:225] - Creating shared instance of singleton bean 'spring.info-org.springframework.boot.autoconfigure.info.ProjectInfoProperties'
DEBUG 24-04-12 22:31:47[restartedMain] [DefaultListableBeanFactory:808] - Autowiring by type from bean name 'org.springframework.boot.autoconfigure.info.ProjectInfoAutoConfiguration' via constructor to bean named 'spring.info-org.springframework.boot.autoconfigure.info.ProjectInfoProperties'
DEBUG 24-04-12 22:31:47[restartedMain] [DefaultListableBeanFactory:225] - Creating shared instance of singleton bean 'org.springframework.boot.autoconfigure.jdbc.JdbcTemplateConfiguration'
DEBUG 24-04-12 22:31:47[restartedMain] [DefaultListableBeanFactory:225] - Creating shared instance of singleton bean 'jdbcTemplate'
DEBUG 24-04-12 22:31:47[restartedMain] [DefaultListableBeanFactory:225] - Creating shared instance of singleton bean 'spring.jdbc-org.springframework.boot.autoconfigure.jdbc.JdbcProperties'
DEBUG 24-04-12 22:31:47[restartedMain] [DefaultListableBeanFactory:808] - Autowiring by type from bean name 'jdbcTemplate' via factory method to bean named 'dataSource'
DEBUG 24-04-12 22:31:47[restartedMain] [DefaultListableBeanFactory:808] - Autowiring by type from bean name 'jdbcTemplate' via factory method to bean named 'spring.jdbc-org.springframework.boot.autoconfigure.jdbc.JdbcProperties'
DEBUG 24-04-12 22:31:47[restartedMain] [DefaultListableBeanFactory:225] - Creating shared instance of singleton bean 'org.springframework.boot.autoconfigure.jdbc.NamedParameterJdbcTemplateConfiguration'
DEBUG 24-04-12 22:31:47[restartedMain] [DefaultListableBeanFactory:225] - Creating shared instance of singleton bean 'namedParameterJdbcTemplate'
DEBUG 24-04-12 22:31:47[restartedMain] [DefaultListableBeanFactory:808] - Autowiring by type from bean name 'namedParameterJdbcTemplate' via factory method to bean named 'jdbcTemplate'
DEBUG 24-04-12 22:31:47[restartedMain] [DefaultListableBeanFactory:225] - Creating shared instance of singleton bean 'org.springframework.boot.autoconfigure.jdbc.JdbcTemplateAutoConfiguration'
DEBUG 24-04-12 22:31:47[restartedMain] [DefaultListableBeanFactory:225] - Creating shared instance of singleton bean 'org.springframework.security.config.annotation.web.configuration.WebSecurityConfiguration'
DEBUG 24-04-12 22:31:47[restartedMain] [DefaultListableBeanFactory:225] - Creating shared instance of singleton bean 'delegatingApplicationListener'
DEBUG 24-04-12 22:31:47[restartedMain] [DefaultListableBeanFactory:225] - Creating shared instance of singleton bean 'springSecurityFilterChain'
DEBUG 24-04-12 22:31:47[restartedMain] [DefaultListableBeanFactory:225] - Creating shared instance of singleton bean 'webSecurityExpressionHandler'
DEBUG 24-04-12 22:31:47[restartedMain] [DefaultListableBeanFactory:225] - Creating shared instance of singleton bean 'privilegeEvaluator'
DEBUG 24-04-12 22:31:47[restartedMain] [DefaultListableBeanFactory:225] - Creating shared instance of singleton bean 'requestDataValueProcessor'
DEBUG 24-04-12 22:31:47[restartedMain] [DefaultListableBeanFactory:225] - Creating shared instance of singleton bean 'org.springframework.boot.autoconfigure.security.servlet.SpringBootWebSecurityConfiguration'
DEBUG 24-04-12 22:31:47[restartedMain] [DefaultListableBeanFactory:225] - Creating shared instance of singleton bean 'org.springframework.boot.autoconfigure.sql.init.SqlInitializationAutoConfiguration'
DEBUG 24-04-12 22:31:47[restartedMain] [DefaultListableBeanFactory:225] - Creating shared instance of singleton bean 'org.springframework.boot.autoconfigure.task.TaskSchedulingAutoConfiguration'
DEBUG 24-04-12 22:31:47[restartedMain] [DefaultListableBeanFactory:225] - Creating shared instance of singleton bean 'taskSchedulerBuilder'
DEBUG 24-04-12 22:31:47[restartedMain] [DefaultListableBeanFactory:225] - Creating shared instance of singleton bean 'spring.task.scheduling-org.springframework.boot.autoconfigure.task.TaskSchedulingProperties'
DEBUG 24-04-12 22:31:47[restartedMain] [DefaultListableBeanFactory:808] - Autowiring by type from bean name 'taskSchedulerBuilder' via factory method to bean named 'spring.task.scheduling-org.springframework.boot.autoconfigure.task.TaskSchedulingProperties'
DEBUG 24-04-12 22:31:47[restartedMain] [DefaultListableBeanFactory:225] - Creating shared instance of singleton bean 'org.springframework.boot.autoconfigure.jdbc.DataSourceTransactionManagerAutoConfiguration$JdbcTransactionManagerConfiguration'
DEBUG 24-04-12 22:31:47[restartedMain] [DefaultListableBeanFactory:225] - Creating shared instance of singleton bean 'transactionManager'
DEBUG 24-04-12 22:31:47[restartedMain] [DefaultListableBeanFactory:808] - Autowiring by type from bean name 'transactionManager' via factory method to bean named 'environment'
DEBUG 24-04-12 22:31:47[restartedMain] [DefaultListableBeanFactory:808] - Autowiring by type from bean name 'transactionManager' via factory method to bean named 'dataSource'
DEBUG 24-04-12 22:31:47[restartedMain] [DefaultListableBeanFactory:225] - Creating shared instance of singleton bean 'platformTransactionManagerCustomizers'
DEBUG 24-04-12 22:31:47[restartedMain] [DefaultListableBeanFactory:225] - Creating shared instance of singleton bean 'org.springframework.boot.autoconfigure.transaction.TransactionAutoConfiguration'
DEBUG 24-04-12 22:31:47[restartedMain] [DefaultListableBeanFactory:225] - Creating shared instance of singleton bean 'spring.transaction-org.springframework.boot.autoconfigure.transaction.TransactionProperties'
DEBUG 24-04-12 22:31:47[restartedMain] [DefaultListableBeanFactory:225] - Creating shared instance of singleton bean 'org.springframework.boot.autoconfigure.jdbc.DataSourceTransactionManagerAutoConfiguration'
DEBUG 24-04-12 22:31:47[restartedMain] [DefaultListableBeanFactory:225] - Creating shared instance of singleton bean 'org.springframework.boot.autoconfigure.transaction.TransactionAutoConfiguration$EnableTransactionManagementConfiguration$CglibAutoProxyConfiguration'
DEBUG 24-04-12 22:31:47[restartedMain] [DefaultListableBeanFactory:225] - Creating shared instance of singleton bean 'org.springframework.boot.autoconfigure.transaction.TransactionAutoConfiguration$EnableTransactionManagementConfiguration'
DEBUG 24-04-12 22:31:47[restartedMain] [DefaultListableBeanFactory:225] - Creating shared instance of singleton bean 'org.springframework.boot.autoconfigure.transaction.TransactionAutoConfiguration$TransactionTemplateConfiguration'
DEBUG 24-04-12 22:31:47[restartedMain] [DefaultListableBeanFactory:225] - Creating shared instance of singleton bean 'transactionTemplate'
DEBUG 24-04-12 22:31:47[restartedMain] [DefaultListableBeanFactory:808] - Autowiring by type from bean name 'transactionTemplate' via factory method to bean named 'transactionManager'
DEBUG 24-04-12 22:31:47[restartedMain] [DefaultListableBeanFactory:225] - Creating shared instance of singleton bean 'org.springframework.boot.autoconfigure.web.client.RestTemplateAutoConfiguration'
DEBUG 24-04-12 22:31:47[restartedMain] [DefaultListableBeanFactory:225] - Creating shared instance of singleton bean 'org.springframework.boot.autoconfigure.web.embedded.EmbeddedWebServerFactoryCustomizerAutoConfiguration'
DEBUG 24-04-12 22:31:47[restartedMain] [DefaultListableBeanFactory:225] - Creating shared instance of singleton bean 'multipartResolver'
DEBUG 24-04-12 22:31:47[restartedMain] [DefaultListableBeanFactory:225] - Creating shared instance of singleton bean 'org.springframework.boot.devtools.autoconfigure.DevToolsDataSourceAutoConfiguration'
DEBUG 24-04-12 22:31:47[restartedMain] [DefaultListableBeanFactory:225] - Creating shared instance of singleton bean 'inMemoryDatabaseShutdownExecutor'
DEBUG 24-04-12 22:31:47[restartedMain] [DefaultListableBeanFactory:808] - Autowiring by type from bean name 'inMemoryDatabaseShutdownExecutor' via factory method to bean named 'dataSource'
DEBUG 24-04-12 22:31:47[restartedMain] [DefaultListableBeanFactory:808] - Autowiring by type from bean name 'inMemoryDatabaseShutdownExecutor' via factory method to bean named 'spring.datasource-org.springframework.boot.autoconfigure.jdbc.DataSourceProperties'
DEBUG 24-04-12 22:31:47[restartedMain] [DefaultListableBeanFactory:225] - Creating shared instance of singleton bean 'org.springframework.boot.devtools.autoconfigure.LocalDevToolsAutoConfiguration$RestartConfiguration'
DEBUG 24-04-12 22:31:47[restartedMain] [DefaultListableBeanFactory:225] - Creating shared instance of singleton bean 'spring.devtools-org.springframework.boot.devtools.autoconfigure.DevToolsProperties'
DEBUG 24-04-12 22:31:47[restartedMain] [DefaultListableBeanFactory:808] - Autowiring by type from bean name 'org.springframework.boot.devtools.autoconfigure.LocalDevToolsAutoConfiguration$RestartConfiguration' via constructor to bean named 'spring.devtools-org.springframework.boot.devtools.autoconfigure.DevToolsProperties'
DEBUG 24-04-12 22:31:47[restartedMain] [DefaultListableBeanFactory:225] - Creating shared instance of singleton bean 'restartingClassPathChangedEventListener'
DEBUG 24-04-12 22:31:47[restartedMain] [DefaultListableBeanFactory:225] - Creating shared instance of singleton bean 'fileSystemWatcherFactory'
DEBUG 24-04-12 22:31:47[restartedMain] [DefaultListableBeanFactory:808] - Autowiring by type from bean name 'restartingClassPathChangedEventListener' via factory method to bean named 'fileSystemWatcherFactory'
DEBUG 24-04-12 22:31:47[restartedMain] [DefaultListableBeanFactory:225] - Creating shared instance of singleton bean 'classPathFileSystemWatcher'
DEBUG 24-04-12 22:31:47[restartedMain] [DefaultListableBeanFactory:225] - Creating shared instance of singleton bean 'classPathRestartStrategy'
DEBUG 24-04-12 22:31:47[restartedMain] [DefaultListableBeanFactory:808] - Autowiring by type from bean name 'classPathFileSystemWatcher' via factory method to bean named 'fileSystemWatcherFactory'
DEBUG 24-04-12 22:31:47[restartedMain] [DefaultListableBeanFactory:808] - Autowiring by type from bean name 'classPathFileSystemWatcher' via factory method to bean named 'classPathRestartStrategy'
DEBUG 24-04-12 22:31:47[restartedMain] [DefaultListableBeanFactory:225] - Creating shared instance of singleton bean 'conditionEvaluationDeltaLoggingListener'
DEBUG 24-04-12 22:31:47[restartedMain] [DefaultListableBeanFactory:225] - Creating shared instance of singleton bean 'org.springframework.boot.devtools.autoconfigure.LocalDevToolsAutoConfiguration$LiveReloadConfiguration'
DEBUG 24-04-12 22:31:47[restartedMain] [DefaultListableBeanFactory:225] - Creating shared instance of singleton bean 'optionalLiveReloadServer'
DEBUG 24-04-12 22:31:47[restartedMain] [DefaultListableBeanFactory:808] - Autowiring by type from bean name 'liveReloadServer' via factory method to bean named 'spring.devtools-org.springframework.boot.devtools.autoconfigure.DevToolsProperties'
DEBUG 24-04-12 22:31:47[restartedMain] [DefaultListableBeanFactory:808] - Autowiring by type from bean name 'optionalLiveReloadServer' via factory method to bean named 'liveReloadServer'
DEBUG 24-04-12 22:31:47[restartedMain] [LiveReloadServer:113] - Starting live reload server on port 35729
INFO  24-04-12 22:31:47[restartedMain] [OptionalLiveReloadServer:59] - LiveReload server is running on port 35729
DEBUG 24-04-12 22:31:47[restartedMain] [DefaultListableBeanFactory:225] - Creating shared instance of singleton bean 'liveReloadServerEventListener'
DEBUG 24-04-12 22:31:47[restartedMain] [DefaultListableBeanFactory:808] - Autowiring by type from bean name 'liveReloadServerEventListener' via factory method to bean named 'optionalLiveReloadServer'
DEBUG 24-04-12 22:31:47[restartedMain] [DefaultListableBeanFactory:225] - Creating shared instance of singleton bean 'org.springframework.boot.devtools.autoconfigure.LocalDevToolsAutoConfiguration'
DEBUG 24-04-12 22:31:47[restartedMain] [AnnotationMBeanExporter:438] - Registering beans for JMX exposure on startup
DEBUG 24-04-12 22:31:47[restartedMain] [AnnotationMBeanExporter:545] - Autodetecting user-defined JMX MBeans
DEBUG 24-04-12 22:31:47[restartedMain] [AnnotationMBeanExporter:899] - Bean with name 'dataSource' has been autodetected for JMX exposure
DEBUG 24-04-12 22:31:47[restartedMain] [AnnotationMBeanExporter:672] - Located MBean 'dataSource': registering with JMX server as MBean [com.zaxxer.hikari:name=dataSource,type=HikariDataSource]
DEBUG 24-04-12 22:31:47[restartedMain] [DefaultLifecycleProcessor:353] - Starting beans in phase -2147483647
DEBUG 24-04-12 22:31:47[restartedMain] [DefaultLifecycleProcessor:185] - Successfully started bean 'springBootLoggingLifecycle'
DEBUG 24-04-12 22:31:47[restartedMain] [DefaultLifecycleProcessor:353] - Starting beans in phase 2147481599
INFO  24-04-12 22:31:47[restartedMain] [Http11NioProtocol:173] - Starting ProtocolHandler ["http-nio-8081"]
INFO  24-04-12 22:31:47[restartedMain] [TomcatWebServer:220] - Tomcat started on port(s): 8081 (http) with context path '/todaychef'
DEBUG 24-04-12 22:31:47[restartedMain] [DefaultLifecycleProcessor:185] - Successfully started bean 'webServerStartStop'
DEBUG 24-04-12 22:31:47[restartedMain] [DefaultLifecycleProcessor:353] - Starting beans in phase 2147482623
DEBUG 24-04-12 22:31:47[restartedMain] [DefaultLifecycleProcessor:185] - Successfully started bean 'webServerGracefulShutdown'
DEBUG 24-04-12 22:31:47[restartedMain] [ConditionEvaluationReportLogger:72] - 


============================
CONDITIONS EVALUATION REPORT
============================


Positive matches:
-----------------

   AopAutoConfiguration matched:
      - @ConditionalOnProperty (spring.aop.auto=true) matched (OnPropertyCondition)

   AopAutoConfiguration.ClassProxyingConfiguration matched:
      - @ConditionalOnMissingClass did not find unwanted class 'org.aspectj.weaver.Advice' (OnClassCondition)
      - @ConditionalOnProperty (spring.aop.proxy-target-class=true) matched (OnPropertyCondition)

   ApplicationAvailabilityAutoConfiguration#applicationAvailability matched:
      - @ConditionalOnMissingBean (types: org.springframework.boot.availability.ApplicationAvailability; SearchStrategy: all) did not find any beans (OnBeanCondition)

   DataSourceAutoConfiguration matched:
      - @ConditionalOnClass found required classes 'javax.sql.DataSource', 'org.springframework.jdbc.datasource.embedded.EmbeddedDatabaseType' (OnClassCondition)
      - @ConditionalOnMissingBean (types: io.r2dbc.spi.ConnectionFactory; SearchStrategy: all) did not find any beans (OnBeanCondition)

   DataSourceAutoConfiguration.PooledDataSourceConfiguration matched:
      - AnyNestedCondition 1 matched 1 did not; NestedCondition on DataSourceAutoConfiguration.PooledDataSourceCondition.PooledDataSourceAvailable PooledDataSource found supported DataSource; NestedCondition on DataSourceAutoConfiguration.PooledDataSourceCondition.ExplicitType @ConditionalOnProperty (spring.datasource.type) did not find property 'type' (DataSourceAutoConfiguration.PooledDataSourceCondition)
      - @ConditionalOnMissingBean (types: javax.sql.DataSource,javax.sql.XADataSource; SearchStrategy: all) did not find any beans (OnBeanCondition)

   DataSourceConfiguration.Hikari matched:
      - @ConditionalOnClass found required class 'com.zaxxer.hikari.HikariDataSource' (OnClassCondition)
      - @ConditionalOnProperty (spring.datasource.type=com.zaxxer.hikari.HikariDataSource) matched (OnPropertyCondition)
      - @ConditionalOnMissingBean (types: javax.sql.DataSource; SearchStrategy: all) did not find any beans (OnBeanCondition)

   DataSourceInitializationConfiguration matched:
      - @ConditionalOnClass found required class 'org.springframework.jdbc.datasource.init.DatabasePopulator' (OnClassCondition)
      - @ConditionalOnSingleCandidate (types: javax.sql.DataSource; SearchStrategy: all) found a single bean 'dataSource'; @ConditionalOnMissingBean (types: org.springframework.boot.autoconfigure.sql.init.SqlDataSourceScriptDatabaseInitializer,org.springframework.boot.autoconfigure.sql.init.SqlR2dbcScriptDatabaseInitializer; SearchStrategy: all) did not find any beans (OnBeanCondition)

   DataSourceJmxConfiguration matched:
      - @ConditionalOnProperty (spring.jmx.enabled=true) matched (OnPropertyCondition)

   DataSourceJmxConfiguration.Hikari matched:
      - @ConditionalOnClass found required class 'com.zaxxer.hikari.HikariDataSource' (OnClassCondition)
      - @ConditionalOnSingleCandidate (types: javax.sql.DataSource; SearchStrategy: all) found a single bean 'dataSource' (OnBeanCondition)

   DataSourcePoolMetadataProvidersConfiguration.HikariPoolDataSourceMetadataProviderConfiguration matched:
      - @ConditionalOnClass found required class 'com.zaxxer.hikari.HikariDataSource' (OnClassCondition)

   DataSourceTransactionManagerAutoConfiguration matched:
      - @ConditionalOnClass found required classes 'org.springframework.jdbc.core.JdbcTemplate', 'org.springframework.transaction.TransactionManager' (OnClassCondition)

   DataSourceTransactionManagerAutoConfiguration.JdbcTransactionManagerConfiguration matched:
      - @ConditionalOnSingleCandidate (types: javax.sql.DataSource; SearchStrategy: all) found a single bean 'dataSource' (OnBeanCondition)

   DataSourceTransactionManagerAutoConfiguration.JdbcTransactionManagerConfiguration#transactionManager matched:
      - @ConditionalOnMissingBean (types: org.springframework.transaction.TransactionManager; SearchStrategy: all) did not find any beans (OnBeanCondition)

   DevToolsDataSourceAutoConfiguration matched:
      - Devtools devtools enabled. (OnEnabledDevToolsCondition)
      - DevTools DataSource Condition found auto-configured DataSource (DevToolsDataSourceAutoConfiguration.DevToolsDataSourceCondition)

   DispatcherServletAutoConfiguration matched:
      - @ConditionalOnClass found required class 'org.springframework.web.servlet.DispatcherServlet' (OnClassCondition)
      - found 'session' scope (OnWebApplicationCondition)

   DispatcherServletAutoConfiguration.DispatcherServletConfiguration matched:
      - @ConditionalOnClass found required class 'jakarta.servlet.ServletRegistration' (OnClassCondition)
      - Default DispatcherServlet did not find dispatcher servlet beans (DispatcherServletAutoConfiguration.DefaultDispatcherServletCondition)

   DispatcherServletAutoConfiguration.DispatcherServletRegistrationConfiguration matched:
      - @ConditionalOnClass found required class 'jakarta.servlet.ServletRegistration' (OnClassCondition)
      - DispatcherServlet Registration did not find servlet registration bean (DispatcherServletAutoConfiguration.DispatcherServletRegistrationCondition)

   DispatcherServletAutoConfiguration.DispatcherServletRegistrationConfiguration#dispatcherServletRegistration matched:
      - @ConditionalOnBean (names: dispatcherServlet types: org.springframework.web.servlet.DispatcherServlet; SearchStrategy: all) found bean 'dispatcherServlet' (OnBeanCondition)

   EmbeddedWebServerFactoryCustomizerAutoConfiguration matched:
      - @ConditionalOnWebApplication (required) found 'session' scope (OnWebApplicationCondition)
      - @ConditionalOnWarDeployment the application is not deployed as a WAR file. (OnWarDeploymentCondition)

   EmbeddedWebServerFactoryCustomizerAutoConfiguration.TomcatWebServerFactoryCustomizerConfiguration matched:
      - @ConditionalOnClass found required classes 'org.apache.catalina.startup.Tomcat', 'org.apache.coyote.UpgradeProtocol' (OnClassCondition)

   ErrorMvcAutoConfiguration matched:
      - @ConditionalOnClass found required classes 'jakarta.servlet.Servlet', 'org.springframework.web.servlet.DispatcherServlet' (OnClassCondition)
      - found 'session' scope (OnWebApplicationCondition)

   ErrorMvcAutoConfiguration#basicErrorController matched:
      - @ConditionalOnMissingBean (types: org.springframework.boot.web.servlet.error.ErrorController; SearchStrategy: current) did not find any beans (OnBeanCondition)

   ErrorMvcAutoConfiguration#errorAttributes matched:
      - @ConditionalOnMissingBean (types: org.springframework.boot.web.servlet.error.ErrorAttributes; SearchStrategy: current) did not find any beans (OnBeanCondition)

   ErrorMvcAutoConfiguration.DefaultErrorViewResolverConfiguration#conventionErrorViewResolver matched:
      - @ConditionalOnBean (types: org.springframework.web.servlet.DispatcherServlet; SearchStrategy: all) found bean 'dispatcherServlet'; @ConditionalOnMissingBean (types: org.springframework.boot.autoconfigure.web.servlet.error.ErrorViewResolver; SearchStrategy: all) did not find any beans (OnBeanCondition)

   ErrorMvcAutoConfiguration.WhitelabelErrorViewConfiguration matched:
      - @ConditionalOnProperty (server.error.whitelabel.enabled) matched (OnPropertyCondition)
      - ErrorTemplate Missing did not find error template view (ErrorMvcAutoConfiguration.ErrorTemplateMissingCondition)

   ErrorMvcAutoConfiguration.WhitelabelErrorViewConfiguration#beanNameViewResolver matched:
      - @ConditionalOnMissingBean (types: org.springframework.web.servlet.view.BeanNameViewResolver; SearchStrategy: all) did not find any beans (OnBeanCondition)

   ErrorMvcAutoConfiguration.WhitelabelErrorViewConfiguration#defaultErrorView matched:
      - @ConditionalOnMissingBean (names: error; SearchStrategy: all) did not find any beans (OnBeanCondition)

   GenericCacheConfiguration matched:
      - Cache org.springframework.boot.autoconfigure.cache.GenericCacheConfiguration automatic cache type (CacheCondition)

   GsonAutoConfiguration matched:
      - @ConditionalOnClass found required class 'com.google.gson.Gson' (OnClassCondition)

   GsonAutoConfiguration#gson matched:
      - @ConditionalOnMissingBean (types: com.google.gson.Gson; SearchStrategy: all) did not find any beans (OnBeanCondition)

   GsonAutoConfiguration#gsonBuilder matched:
      - @ConditionalOnMissingBean (types: com.google.gson.GsonBuilder; SearchStrategy: all) did not find any beans (OnBeanCondition)

   GsonHttpMessageConvertersConfiguration matched:
      - @ConditionalOnClass found required class 'com.google.gson.Gson' (OnClassCondition)

   HttpEncodingAutoConfiguration matched:
      - @ConditionalOnClass found required class 'org.springframework.web.filter.CharacterEncodingFilter' (OnClassCondition)
      - found 'session' scope (OnWebApplicationCondition)
      - @ConditionalOnProperty (server.servlet.encoding.enabled) matched (OnPropertyCondition)

   HttpEncodingAutoConfiguration#characterEncodingFilter matched:
      - @ConditionalOnMissingBean (types: org.springframework.web.filter.CharacterEncodingFilter; SearchStrategy: all) did not find any beans (OnBeanCondition)

   HttpMessageConvertersAutoConfiguration matched:
      - @ConditionalOnClass found required class 'org.springframework.http.converter.HttpMessageConverter' (OnClassCondition)
      - NoneNestedConditions 0 matched 1 did not; NestedCondition on HttpMessageConvertersAutoConfiguration.NotReactiveWebApplicationCondition.ReactiveWebApplication did not find reactive web application classes (HttpMessageConvertersAutoConfiguration.NotReactiveWebApplicationCondition)

   HttpMessageConvertersAutoConfiguration#messageConverters matched:
      - @ConditionalOnMissingBean (types: org.springframework.boot.autoconfigure.http.HttpMessageConverters; SearchStrategy: all) did not find any beans (OnBeanCondition)

   HttpMessageConvertersAutoConfiguration.StringHttpMessageConverterConfiguration matched:
      - @ConditionalOnClass found required class 'org.springframework.http.converter.StringHttpMessageConverter' (OnClassCondition)

   HttpMessageConvertersAutoConfiguration.StringHttpMessageConverterConfiguration#stringHttpMessageConverter matched:
      - @ConditionalOnMissingBean (types: org.springframework.http.converter.StringHttpMessageConverter; SearchStrategy: all) did not find any beans (OnBeanCondition)

   JacksonAutoConfiguration matched:
      - @ConditionalOnClass found required class 'com.fasterxml.jackson.databind.ObjectMapper' (OnClassCondition)

   JacksonAutoConfiguration.Jackson2ObjectMapperBuilderCustomizerConfiguration matched:
      - @ConditionalOnClass found required class 'org.springframework.http.converter.json.Jackson2ObjectMapperBuilder' (OnClassCondition)

   JacksonAutoConfiguration.JacksonObjectMapperBuilderConfiguration matched:
      - @ConditionalOnClass found required class 'org.springframework.http.converter.json.Jackson2ObjectMapperBuilder' (OnClassCondition)

   JacksonAutoConfiguration.JacksonObjectMapperBuilderConfiguration#jacksonObjectMapperBuilder matched:
      - @ConditionalOnMissingBean (types: org.springframework.http.converter.json.Jackson2ObjectMapperBuilder; SearchStrategy: all) did not find any beans (OnBeanCondition)

   JacksonAutoConfiguration.JacksonObjectMapperConfiguration matched:
      - @ConditionalOnClass found required class 'org.springframework.http.converter.json.Jackson2ObjectMapperBuilder' (OnClassCondition)

   JacksonAutoConfiguration.JacksonObjectMapperConfiguration#jacksonObjectMapper matched:
      - @ConditionalOnMissingBean (types: com.fasterxml.jackson.databind.ObjectMapper; SearchStrategy: all) did not find any beans (OnBeanCondition)

   JacksonAutoConfiguration.ParameterNamesModuleConfiguration matched:
      - @ConditionalOnClass found required class 'com.fasterxml.jackson.module.paramnames.ParameterNamesModule' (OnClassCondition)

   JacksonAutoConfiguration.ParameterNamesModuleConfiguration#parameterNamesModule matched:
      - @ConditionalOnMissingBean (types: com.fasterxml.jackson.module.paramnames.ParameterNamesModule; SearchStrategy: all) did not find any beans (OnBeanCondition)

   JacksonHttpMessageConvertersConfiguration.MappingJackson2HttpMessageConverterConfiguration matched:
      - @ConditionalOnClass found required class 'com.fasterxml.jackson.databind.ObjectMapper' (OnClassCondition)
      - @ConditionalOnProperty (spring.mvc.converters.preferred-json-mapper=jackson) matched (OnPropertyCondition)
      - @ConditionalOnBean (types: com.fasterxml.jackson.databind.ObjectMapper; SearchStrategy: all) found bean 'jacksonObjectMapper' (OnBeanCondition)

   JacksonHttpMessageConvertersConfiguration.MappingJackson2HttpMessageConverterConfiguration#mappingJackson2HttpMessageConverter matched:
      - @ConditionalOnMissingBean (types: org.springframework.http.converter.json.MappingJackson2HttpMessageConverter ignored: org.springframework.hateoas.server.mvc.TypeConstrainedMappingJackson2HttpMessageConverter,org.springframework.data.rest.webmvc.alps.AlpsJsonHttpMessageConverter; SearchStrategy: all) did not find any beans (OnBeanCondition)

   JdbcTemplateAutoConfiguration matched:
      - @ConditionalOnClass found required classes 'javax.sql.DataSource', 'org.springframework.jdbc.core.JdbcTemplate' (OnClassCondition)
      - @ConditionalOnSingleCandidate (types: javax.sql.DataSource; SearchStrategy: all) found a single bean 'dataSource' (OnBeanCondition)

   JdbcTemplateConfiguration matched:
      - @ConditionalOnMissingBean (types: org.springframework.jdbc.core.JdbcOperations; SearchStrategy: all) did not find any beans (OnBeanCondition)

   JmxAutoConfiguration matched:
      - @ConditionalOnClass found required class 'org.springframework.jmx.export.MBeanExporter' (OnClassCondition)
      - @ConditionalOnProperty (spring.jmx.enabled=true) matched (OnPropertyCondition)

   JmxAutoConfiguration#mbeanExporter matched:
      - @ConditionalOnMissingBean (types: org.springframework.jmx.export.MBeanExporter; SearchStrategy: current) did not find any beans (OnBeanCondition)

   JmxAutoConfiguration#mbeanServer matched:
      - @ConditionalOnMissingBean (types: javax.management.MBeanServer; SearchStrategy: all) did not find any beans (OnBeanCondition)

   JmxAutoConfiguration#objectNamingStrategy matched:
      - @ConditionalOnMissingBean (types: org.springframework.jmx.export.naming.ObjectNamingStrategy; SearchStrategy: current) did not find any beans (OnBeanCondition)

   LifecycleAutoConfiguration#defaultLifecycleProcessor matched:
      - @ConditionalOnMissingBean (names: lifecycleProcessor; SearchStrategy: current) did not find any beans (OnBeanCondition)

   LocalDevToolsAutoConfiguration matched:
      - Initialized Restarter Condition available and initialized (OnInitializedRestarterCondition)

   LocalDevToolsAutoConfiguration.LiveReloadConfiguration matched:
      - @ConditionalOnProperty (spring.devtools.livereload.enabled) matched (OnPropertyCondition)

   LocalDevToolsAutoConfiguration.LiveReloadConfiguration#liveReloadServer matched:
      - @ConditionalOnMissingBean (types: org.springframework.boot.devtools.livereload.LiveReloadServer; SearchStrategy: all) did not find any beans (OnBeanCondition)

   LocalDevToolsAutoConfiguration.RestartConfiguration matched:
      - @ConditionalOnProperty (spring.devtools.restart.enabled) matched (OnPropertyCondition)

   LocalDevToolsAutoConfiguration.RestartConfiguration#classPathFileSystemWatcher matched:
      - @ConditionalOnMissingBean (types: org.springframework.boot.devtools.classpath.ClassPathFileSystemWatcher; SearchStrategy: all) did not find any beans (OnBeanCondition)

   LocalDevToolsAutoConfiguration.RestartConfiguration#classPathRestartStrategy matched:
      - @ConditionalOnMissingBean (types: org.springframework.boot.devtools.classpath.ClassPathRestartStrategy; SearchStrategy: all) did not find any beans (OnBeanCondition)

   LocalDevToolsAutoConfiguration.RestartConfiguration#conditionEvaluationDeltaLoggingListener matched:
      - @ConditionalOnProperty (spring.devtools.restart.log-condition-evaluation-delta) matched (OnPropertyCondition)

   MultipartAutoConfiguration matched:
      - @ConditionalOnClass found required classes 'jakarta.servlet.Servlet', 'org.springframework.web.multipart.support.StandardServletMultipartResolver', 'jakarta.servlet.MultipartConfigElement' (OnClassCondition)
      - found 'session' scope (OnWebApplicationCondition)
      - @ConditionalOnProperty (spring.servlet.multipart.enabled) matched (OnPropertyCondition)

   MultipartAutoConfiguration#multipartConfigElement matched:
      - @ConditionalOnMissingBean (types: jakarta.servlet.MultipartConfigElement; SearchStrategy: all) did not find any beans (OnBeanCondition)

   MultipartAutoConfiguration#multipartResolver matched:
      - @ConditionalOnMissingBean (types: org.springframework.web.multipart.MultipartResolver; SearchStrategy: all) did not find any beans (OnBeanCondition)

   MybatisAutoConfiguration matched:
      - @ConditionalOnClass found required classes 'org.apache.ibatis.session.SqlSessionFactory', 'org.mybatis.spring.SqlSessionFactoryBean' (OnClassCondition)
      - @ConditionalOnSingleCandidate (types: javax.sql.DataSource; SearchStrategy: all) found a single bean 'dataSource' (OnBeanCondition)

   MybatisAutoConfiguration#sqlSessionFactory matched:
      - @ConditionalOnMissingBean (types: org.apache.ibatis.session.SqlSessionFactory; SearchStrategy: all) did not find any beans (OnBeanCondition)

   MybatisAutoConfiguration#sqlSessionTemplate matched:
      - @ConditionalOnMissingBean (types: org.mybatis.spring.SqlSessionTemplate; SearchStrategy: all) did not find any beans (OnBeanCondition)

   MybatisAutoConfiguration.MapperScannerRegistrarNotFoundConfiguration matched:
      - @ConditionalOnMissingBean (types: org.mybatis.spring.mapper.MapperFactoryBean,org.mybatis.spring.mapper.MapperScannerConfigurer; SearchStrategy: all) did not find any beans (OnBeanCondition)

   MybatisLanguageDriverAutoConfiguration matched:
      - @ConditionalOnClass found required class 'org.apache.ibatis.scripting.LanguageDriver' (OnClassCondition)

   NamedParameterJdbcTemplateConfiguration matched:
      - @ConditionalOnSingleCandidate (types: org.springframework.jdbc.core.JdbcTemplate; SearchStrategy: all) found a single bean 'jdbcTemplate'; @ConditionalOnMissingBean (types: org.springframework.jdbc.core.namedparam.NamedParameterJdbcOperations; SearchStrategy: all) did not find any beans (OnBeanCondition)

   NoOpCacheConfiguration matched:
      - Cache org.springframework.boot.autoconfigure.cache.NoOpCacheConfiguration automatic cache type (CacheCondition)

   PersistenceExceptionTranslationAutoConfiguration matched:
      - @ConditionalOnClass found required class 'org.springframework.dao.annotation.PersistenceExceptionTranslationPostProcessor' (OnClassCondition)

   PersistenceExceptionTranslationAutoConfiguration#persistenceExceptionTranslationPostProcessor matched:
      - @ConditionalOnProperty (spring.dao.exceptiontranslation.enabled) matched (OnPropertyCondition)
      - @ConditionalOnMissingBean (types: org.springframework.dao.annotation.PersistenceExceptionTranslationPostProcessor; SearchStrategy: all) did not find any beans (OnBeanCondition)

   PropertyPlaceholderAutoConfiguration#propertySourcesPlaceholderConfigurer matched:
      - @ConditionalOnMissingBean (types: org.springframework.context.support.PropertySourcesPlaceholderConfigurer; SearchStrategy: current) did not find any beans (OnBeanCondition)

   RestTemplateAutoConfiguration matched:
      - @ConditionalOnClass found required class 'org.springframework.web.client.RestTemplate' (OnClassCondition)
      - NoneNestedConditions 0 matched 1 did not; NestedCondition on RestTemplateAutoConfiguration.NotReactiveWebApplicationCondition.ReactiveWebApplication did not find reactive web application classes (RestTemplateAutoConfiguration.NotReactiveWebApplicationCondition)

   RestTemplateAutoConfiguration#restTemplateBuilder matched:
      - @ConditionalOnMissingBean (types: org.springframework.boot.web.client.RestTemplateBuilder; SearchStrategy: all) did not find any beans (OnBeanCondition)

   RestTemplateAutoConfiguration#restTemplateBuilderConfigurer matched:
      - @ConditionalOnMissingBean (types: org.springframework.boot.autoconfigure.web.client.RestTemplateBuilderConfigurer; SearchStrategy: all) did not find any beans (OnBeanCondition)

   SecurityAutoConfiguration matched:
      - @ConditionalOnClass found required class 'org.springframework.security.authentication.DefaultAuthenticationEventPublisher' (OnClassCondition)

   SecurityAutoConfiguration#authenticationEventPublisher matched:
      - @ConditionalOnMissingBean (types: org.springframework.security.authentication.AuthenticationEventPublisher; SearchStrategy: all) did not find any beans (OnBeanCondition)

   SecurityFilterAutoConfiguration matched:
      - @ConditionalOnClass found required classes 'org.springframework.security.web.context.AbstractSecurityWebApplicationInitializer', 'org.springframework.security.config.http.SessionCreationPolicy' (OnClassCondition)
      - found 'session' scope (OnWebApplicationCondition)

   SecurityFilterAutoConfiguration#securityFilterChainRegistration matched:
      - @ConditionalOnBean (names: springSecurityFilterChain; SearchStrategy: all) found bean 'springSecurityFilterChain' (OnBeanCondition)

   ServletWebServerFactoryAutoConfiguration matched:
      - @ConditionalOnClass found required class 'jakarta.servlet.ServletRequest' (OnClassCondition)
      - found 'session' scope (OnWebApplicationCondition)

   ServletWebServerFactoryAutoConfiguration#tomcatServletWebServerFactoryCustomizer matched:
      - @ConditionalOnClass found required class 'org.apache.catalina.startup.Tomcat' (OnClassCondition)

   ServletWebServerFactoryConfiguration.EmbeddedTomcat matched:
      - @ConditionalOnClass found required classes 'jakarta.servlet.Servlet', 'org.apache.catalina.startup.Tomcat', 'org.apache.coyote.UpgradeProtocol' (OnClassCondition)
      - @ConditionalOnMissingBean (types: org.springframework.boot.web.servlet.server.ServletWebServerFactory; SearchStrategy: current) did not find any beans (OnBeanCondition)

   SimpleCacheConfiguration matched:
      - Cache org.springframework.boot.autoconfigure.cache.SimpleCacheConfiguration automatic cache type (CacheCondition)

   SpringApplicationAdminJmxAutoConfiguration matched:
      - @ConditionalOnProperty (spring.application.admin.enabled=true) matched (OnPropertyCondition)

   SpringApplicationAdminJmxAutoConfiguration#springApplicationAdminRegistrar matched:
      - @ConditionalOnMissingBean (types: org.springframework.boot.admin.SpringApplicationAdminMXBeanRegistrar; SearchStrategy: all) did not find any beans (OnBeanCondition)

   SpringBootWebSecurityConfiguration matched:
      - found 'session' scope (OnWebApplicationCondition)

   SpringBootWebSecurityConfiguration.WebSecurityEnablerConfiguration matched:
      - @ConditionalOnClass found required class 'org.springframework.security.config.annotation.web.configuration.EnableWebSecurity' (OnClassCondition)
      - @ConditionalOnMissingBean (names: springSecurityFilterChain; SearchStrategy: all) did not find any beans (OnBeanCondition)

   SqlInitializationAutoConfiguration matched:
      - @ConditionalOnProperty (spring.sql.init.enabled) matched (OnPropertyCondition)
      - NoneNestedConditions 0 matched 1 did not; NestedCondition on SqlInitializationAutoConfiguration.SqlInitializationModeCondition.ModeIsNever @ConditionalOnProperty (spring.sql.init.mode=never) did not find property 'mode' (SqlInitializationAutoConfiguration.SqlInitializationModeCondition)

   TaskExecutionAutoConfiguration matched:
      - @ConditionalOnClass found required class 'org.springframework.scheduling.concurrent.ThreadPoolTaskExecutor' (OnClassCondition)

   TaskExecutionAutoConfiguration#applicationTaskExecutor matched:
      - @ConditionalOnMissingBean (types: java.util.concurrent.Executor; SearchStrategy: all) did not find any beans (OnBeanCondition)

   TaskExecutionAutoConfiguration#taskExecutorBuilder matched:
      - @ConditionalOnMissingBean (types: org.springframework.boot.task.TaskExecutorBuilder; SearchStrategy: all) did not find any beans (OnBeanCondition)

   TaskSchedulingAutoConfiguration matched:
      - @ConditionalOnClass found required class 'org.springframework.scheduling.concurrent.ThreadPoolTaskScheduler' (OnClassCondition)

   TaskSchedulingAutoConfiguration#taskSchedulerBuilder matched:
      - @ConditionalOnMissingBean (types: org.springframework.boot.task.TaskSchedulerBuilder; SearchStrategy: all) did not find any beans (OnBeanCondition)

   TransactionAutoConfiguration matched:
      - @ConditionalOnClass found required class 'org.springframework.transaction.PlatformTransactionManager' (OnClassCondition)

   TransactionAutoConfiguration#platformTransactionManagerCustomizers matched:
      - @ConditionalOnMissingBean (types: org.springframework.boot.autoconfigure.transaction.TransactionManagerCustomizers; SearchStrategy: all) did not find any beans (OnBeanCondition)

   TransactionAutoConfiguration.EnableTransactionManagementConfiguration matched:
      - @ConditionalOnBean (types: org.springframework.transaction.TransactionManager; SearchStrategy: all) found bean 'transactionManager'; @ConditionalOnMissingBean (types: org.springframework.transaction.annotation.AbstractTransactionManagementConfiguration; SearchStrategy: all) did not find any beans (OnBeanCondition)

   TransactionAutoConfiguration.EnableTransactionManagementConfiguration.CglibAutoProxyConfiguration matched:
      - @ConditionalOnProperty (spring.aop.proxy-target-class=true) matched (OnPropertyCondition)

   TransactionAutoConfiguration.TransactionTemplateConfiguration matched:
      - @ConditionalOnSingleCandidate (types: org.springframework.transaction.PlatformTransactionManager; SearchStrategy: all) found a single bean 'transactionManager' (OnBeanCondition)

   TransactionAutoConfiguration.TransactionTemplateConfiguration#transactionTemplate matched:
      - @ConditionalOnMissingBean (types: org.springframework.transaction.support.TransactionOperations; SearchStrategy: all) did not find any beans (OnBeanCondition)

   WebMvcAutoConfiguration matched:
      - @ConditionalOnClass found required classes 'jakarta.servlet.Servlet', 'org.springframework.web.servlet.DispatcherServlet', 'org.springframework.web.servlet.config.annotation.WebMvcConfigurer' (OnClassCondition)
      - found 'session' scope (OnWebApplicationCondition)
      - @ConditionalOnMissingBean (types: org.springframework.web.servlet.config.annotation.WebMvcConfigurationSupport; SearchStrategy: all) did not find any beans (OnBeanCondition)

   WebMvcAutoConfiguration#formContentFilter matched:
      - @ConditionalOnProperty (spring.mvc.formcontent.filter.enabled) matched (OnPropertyCondition)
      - @ConditionalOnMissingBean (types: org.springframework.web.filter.FormContentFilter; SearchStrategy: all) did not find any beans (OnBeanCondition)

   WebMvcAutoConfiguration.EnableWebMvcConfiguration#flashMapManager matched:
      - @ConditionalOnMissingBean (names: flashMapManager; SearchStrategy: all) did not find any beans (OnBeanCondition)

   WebMvcAutoConfiguration.EnableWebMvcConfiguration#localeResolver matched:
      - @ConditionalOnMissingBean (names: localeResolver; SearchStrategy: all) did not find any beans (OnBeanCondition)

   WebMvcAutoConfiguration.EnableWebMvcConfiguration#themeResolver matched:
      - @ConditionalOnMissingBean (names: themeResolver; SearchStrategy: all) did not find any beans (OnBeanCondition)

   WebMvcAutoConfiguration.WebMvcAutoConfigurationAdapter#defaultViewResolver matched:
      - @ConditionalOnMissingBean (types: org.springframework.web.servlet.view.InternalResourceViewResolver; SearchStrategy: all) did not find any beans (OnBeanCondition)

   WebMvcAutoConfiguration.WebMvcAutoConfigurationAdapter#requestContextFilter matched:
      - @ConditionalOnMissingBean (types: org.springframework.web.context.request.RequestContextListener,org.springframework.web.filter.RequestContextFilter; SearchStrategy: all) did not find any beans (OnBeanCondition)

   WebMvcAutoConfiguration.WebMvcAutoConfigurationAdapter#viewResolver matched:
      - @ConditionalOnBean (types: org.springframework.web.servlet.ViewResolver; SearchStrategy: all) found beans 'defaultViewResolver', 'beanNameViewResolver', 'mvcViewResolver'; @ConditionalOnMissingBean (names: viewResolver types: org.springframework.web.servlet.view.ContentNegotiatingViewResolver; SearchStrategy: all) did not find any beans (OnBeanCondition)

   WebSocketServletAutoConfiguration matched:
      - @ConditionalOnClass found required classes 'jakarta.servlet.Servlet', 'jakarta.websocket.server.ServerContainer' (OnClassCondition)
      - found 'session' scope (OnWebApplicationCondition)

   WebSocketServletAutoConfiguration.TomcatWebSocketConfiguration matched:
      - @ConditionalOnClass found required classes 'org.apache.catalina.startup.Tomcat', 'org.apache.tomcat.websocket.server.WsSci' (OnClassCondition)

   WebSocketServletAutoConfiguration.TomcatWebSocketConfiguration#websocketServletWebServerCustomizer matched:
      - @ConditionalOnMissingBean (names: websocketServletWebServerCustomizer; SearchStrategy: all) did not find any beans (OnBeanCondition)


Negative matches:
-----------------

   AopAutoConfiguration.AspectJAutoProxyingConfiguration:
      Did not match:
         - @ConditionalOnClass did not find required class 'org.aspectj.weaver.Advice' (OnClassCondition)

   ArtemisAutoConfiguration:
      Did not match:
         - @ConditionalOnClass did not find required class 'jakarta.jms.ConnectionFactory' (OnClassCondition)

   BatchAutoConfiguration:
      Did not match:
         - @ConditionalOnClass did not find required class 'org.springframework.batch.core.launch.JobLauncher' (OnClassCondition)

   Cache2kCacheConfiguration:
      Did not match:
         - @ConditionalOnClass did not find required class 'org.cache2k.Cache2kBuilder' (OnClassCondition)

   CacheAutoConfiguration:
      Did not match:
         - @ConditionalOnBean (types: org.springframework.cache.interceptor.CacheAspectSupport; SearchStrategy: all) did not find any beans of type org.springframework.cache.interceptor.CacheAspectSupport (OnBeanCondition)
      Matched:
         - @ConditionalOnClass found required class 'org.springframework.cache.CacheManager' (OnClassCondition)

   CacheAutoConfiguration.CacheManagerEntityManagerFactoryDependsOnPostProcessor:
      Did not match:
         - @ConditionalOnClass did not find required class 'org.springframework.orm.jpa.LocalContainerEntityManagerFactoryBean' (OnClassCondition)
         - Ancestor org.springframework.boot.autoconfigure.cache.CacheAutoConfiguration did not match (ConditionEvaluationReport.AncestorsMatchedCondition)

   CaffeineCacheConfiguration:
      Did not match:
         - @ConditionalOnClass did not find required class 'com.github.benmanes.caffeine.cache.Caffeine' (OnClassCondition)

   CassandraAutoConfiguration:
      Did not match:
         - @ConditionalOnClass did not find required class 'com.datastax.oss.driver.api.core.CqlSession' (OnClassCondition)

   CassandraDataAutoConfiguration:
      Did not match:
         - @ConditionalOnClass did not find required class 'com.datastax.oss.driver.api.core.CqlSession' (OnClassCondition)

   CassandraReactiveDataAutoConfiguration:
      Did not match:
         - @ConditionalOnClass did not find required class 'com.datastax.oss.driver.api.core.CqlSession' (OnClassCondition)

   CassandraReactiveRepositoriesAutoConfiguration:
      Did not match:
         - @ConditionalOnClass did not find required class 'org.springframework.data.cassandra.ReactiveSession' (OnClassCondition)

   CassandraRepositoriesAutoConfiguration:
      Did not match:
         - @ConditionalOnClass did not find required class 'com.datastax.oss.driver.api.core.CqlSession' (OnClassCondition)

   ClientHttpConnectorAutoConfiguration:
      Did not match:
         - @ConditionalOnClass did not find required class 'org.springframework.web.reactive.function.client.WebClient' (OnClassCondition)

   CodecsAutoConfiguration:
      Did not match:
         - @ConditionalOnClass did not find required class 'org.springframework.web.reactive.function.client.WebClient' (OnClassCondition)

   CouchbaseAutoConfiguration:
      Did not match:
         - @ConditionalOnClass did not find required class 'com.couchbase.client.java.Cluster' (OnClassCondition)

   CouchbaseCacheConfiguration:
      Did not match:
         - @ConditionalOnClass did not find required class 'com.couchbase.client.java.Cluster' (OnClassCondition)

   CouchbaseDataAutoConfiguration:
      Did not match:
         - @ConditionalOnClass did not find required class 'com.couchbase.client.java.Bucket' (OnClassCondition)

   CouchbaseReactiveDataAutoConfiguration:
      Did not match:
         - @ConditionalOnClass did not find required class 'com.couchbase.client.java.Cluster' (OnClassCondition)

   CouchbaseReactiveRepositoriesAutoConfiguration:
      Did not match:
         - @ConditionalOnClass did not find required class 'com.couchbase.client.java.Cluster' (OnClassCondition)

   CouchbaseRepositoriesAutoConfiguration:
      Did not match:
         - @ConditionalOnClass did not find required class 'com.couchbase.client.java.Bucket' (OnClassCondition)

   DataSourceAutoConfiguration.EmbeddedDatabaseConfiguration:
      Did not match:
         - EmbeddedDataSource spring.datasource.url is set (DataSourceAutoConfiguration.EmbeddedDatabaseCondition)

   DataSourceConfiguration.Dbcp2:
      Did not match:
         - @ConditionalOnClass did not find required class 'org.apache.commons.dbcp2.BasicDataSource' (OnClassCondition)

   DataSourceConfiguration.Generic:
      Did not match:
         - @ConditionalOnProperty (spring.datasource.type) did not find property 'spring.datasource.type' (OnPropertyCondition)

   DataSourceConfiguration.OracleUcp:
      Did not match:
         - @ConditionalOnClass did not find required classes 'oracle.ucp.jdbc.PoolDataSourceImpl', 'oracle.jdbc.OracleConnection' (OnClassCondition)

   DataSourceConfiguration.Tomcat:
      Did not match:
         - @ConditionalOnClass did not find required class 'org.apache.tomcat.jdbc.pool.DataSource' (OnClassCondition)

   DataSourceJmxConfiguration.TomcatDataSourceJmxConfiguration:
      Did not match:
         - @ConditionalOnClass did not find required class 'org.apache.tomcat.jdbc.pool.DataSourceProxy' (OnClassCondition)

   DataSourcePoolMetadataProvidersConfiguration.CommonsDbcp2PoolDataSourceMetadataProviderConfiguration:
      Did not match:
         - @ConditionalOnClass did not find required class 'org.apache.commons.dbcp2.BasicDataSource' (OnClassCondition)

   DataSourcePoolMetadataProvidersConfiguration.OracleUcpPoolDataSourceMetadataProviderConfiguration:
      Did not match:
         - @ConditionalOnClass did not find required classes 'oracle.ucp.jdbc.PoolDataSource', 'oracle.jdbc.OracleConnection' (OnClassCondition)

   DataSourcePoolMetadataProvidersConfiguration.TomcatDataSourcePoolMetadataProviderConfiguration:
      Did not match:
         - @ConditionalOnClass did not find required class 'org.apache.tomcat.jdbc.pool.DataSource' (OnClassCondition)

   DevToolsDataSourceAutoConfiguration.DatabaseShutdownExecutorEntityManagerFactoryDependsOnPostProcessor:
      Did not match:
         - @ConditionalOnClass did not find required class 'org.springframework.orm.jpa.LocalContainerEntityManagerFactoryBean' (OnClassCondition)

   DevToolsR2dbcAutoConfiguration:
      Did not match:
         - @ConditionalOnClass did not find required class 'io.r2dbc.spi.ConnectionFactory' (OnClassCondition)

   DispatcherServletAutoConfiguration.DispatcherServletConfiguration#multipartResolver:
      Did not match:
         - @ConditionalOnBean (types: org.springframework.web.multipart.MultipartResolver; SearchStrategy: all) did not find any beans of type org.springframework.web.multipart.MultipartResolver (OnBeanCondition)

   ElasticsearchClientAutoConfiguration:
      Did not match:
         - @ConditionalOnClass did not find required class 'co.elastic.clients.elasticsearch.ElasticsearchClient' (OnClassCondition)

   ElasticsearchDataAutoConfiguration:
      Did not match:
         - @ConditionalOnClass did not find required class 'org.springframework.data.elasticsearch.client.elc.ElasticsearchTemplate' (OnClassCondition)

   ElasticsearchRepositoriesAutoConfiguration:
      Did not match:
         - @ConditionalOnClass did not find required class 'org.springframework.data.elasticsearch.repository.ElasticsearchRepository' (OnClassCondition)

   ElasticsearchRestClientAutoConfiguration:
      Did not match:
         - @ConditionalOnClass did not find required class 'org.elasticsearch.client.RestClientBuilder' (OnClassCondition)

   EmbeddedLdapAutoConfiguration:
      Did not match:
         - @ConditionalOnClass did not find required class 'com.unboundid.ldap.listener.InMemoryDirectoryServer' (OnClassCondition)

   EmbeddedWebServerFactoryCustomizerAutoConfiguration.JettyWebServerFactoryCustomizerConfiguration:
      Did not match:
         - @ConditionalOnClass did not find required classes 'org.eclipse.jetty.server.Server', 'org.eclipse.jetty.util.Loader', 'org.eclipse.jetty.webapp.WebAppContext' (OnClassCondition)

   EmbeddedWebServerFactoryCustomizerAutoConfiguration.NettyWebServerFactoryCustomizerConfiguration:
      Did not match:
         - @ConditionalOnClass did not find required class 'reactor.netty.http.server.HttpServer' (OnClassCondition)

   EmbeddedWebServerFactoryCustomizerAutoConfiguration.UndertowWebServerFactoryCustomizerConfiguration:
      Did not match:
         - @ConditionalOnClass did not find required classes 'io.undertow.Undertow', 'org.xnio.SslClientAuthMode' (OnClassCondition)

   ErrorWebFluxAutoConfiguration:
      Did not match:
         - @ConditionalOnClass did not find required class 'org.springframework.web.reactive.config.WebFluxConfigurer' (OnClassCondition)

   FlywayAutoConfiguration:
      Did not match:
         - @ConditionalOnClass did not find required class 'org.flywaydb.core.Flyway' (OnClassCondition)

   FreeMarkerAutoConfiguration:
      Did not match:
         - @ConditionalOnClass did not find required class 'freemarker.template.Configuration' (OnClassCondition)

   GraphQlAutoConfiguration:
      Did not match:
         - @ConditionalOnClass did not find required class 'graphql.GraphQL' (OnClassCondition)

   GraphQlQueryByExampleAutoConfiguration:
      Did not match:
         - @ConditionalOnClass did not find required class 'graphql.GraphQL' (OnClassCondition)

   GraphQlQuerydslAutoConfiguration:
      Did not match:
         - @ConditionalOnClass did not find required class 'graphql.GraphQL' (OnClassCondition)

   GraphQlRSocketAutoConfiguration:
      Did not match:
         - @ConditionalOnClass did not find required class 'graphql.GraphQL' (OnClassCondition)

   GraphQlReactiveQueryByExampleAutoConfiguration:
      Did not match:
         - @ConditionalOnClass did not find required class 'graphql.GraphQL' (OnClassCondition)

   GraphQlReactiveQuerydslAutoConfiguration:
      Did not match:
         - @ConditionalOnClass did not find required class 'graphql.GraphQL' (OnClassCondition)

   GraphQlWebFluxAutoConfiguration:
      Did not match:
         - @ConditionalOnClass did not find required class 'graphql.GraphQL' (OnClassCondition)

   GraphQlWebFluxSecurityAutoConfiguration:
      Did not match:
         - @ConditionalOnClass did not find required class 'graphql.GraphQL' (OnClassCondition)

   GraphQlWebMvcAutoConfiguration:
      Did not match:
         - @ConditionalOnClass did not find required class 'graphql.GraphQL' (OnClassCondition)

   GraphQlWebMvcSecurityAutoConfiguration:
      Did not match:
         - @ConditionalOnClass did not find required class 'graphql.GraphQL' (OnClassCondition)

   GroovyTemplateAutoConfiguration:
      Did not match:
         - @ConditionalOnClass did not find required class 'groovy.text.markup.MarkupTemplateEngine' (OnClassCondition)

   GsonHttpMessageConvertersConfiguration.GsonHttpMessageConverterConfiguration:
      Did not match:
         - AnyNestedCondition 0 matched 2 did not; NestedCondition on GsonHttpMessageConvertersConfiguration.PreferGsonOrJacksonAndJsonbUnavailableCondition.JacksonJsonbUnavailable NoneNestedConditions 1 matched 1 did not; NestedCondition on GsonHttpMessageConvertersConfiguration.JacksonAndJsonbUnavailableCondition.JsonbPreferred @ConditionalOnProperty (spring.mvc.converters.preferred-json-mapper=jsonb) did not find property 'spring.mvc.converters.preferred-json-mapper'; NestedCondition on GsonHttpMessageConvertersConfiguration.JacksonAndJsonbUnavailableCondition.JacksonAvailable @ConditionalOnBean (types: org.springframework.http.converter.json.MappingJackson2HttpMessageConverter; SearchStrategy: all) found bean 'mappingJackson2HttpMessageConverter'; NestedCondition on GsonHttpMessageConvertersConfiguration.PreferGsonOrJacksonAndJsonbUnavailableCondition.GsonPreferred @ConditionalOnProperty (spring.mvc.converters.preferred-json-mapper=gson) did not find property 'spring.mvc.converters.preferred-json-mapper' (GsonHttpMessageConvertersConfiguration.PreferGsonOrJacksonAndJsonbUnavailableCondition)

   H2ConsoleAutoConfiguration:
      Did not match:
         - @ConditionalOnClass did not find required class 'org.h2.server.web.JakartaWebServlet' (OnClassCondition)

   HazelcastAutoConfiguration:
      Did not match:
         - @ConditionalOnClass did not find required class 'com.hazelcast.core.HazelcastInstance' (OnClassCondition)

   HazelcastCacheConfiguration:
      Did not match:
         - @ConditionalOnClass did not find required class 'com.hazelcast.core.HazelcastInstance' (OnClassCondition)

   HazelcastJpaDependencyAutoConfiguration:
      Did not match:
         - @ConditionalOnClass did not find required class 'com.hazelcast.core.HazelcastInstance' (OnClassCondition)

   HibernateJpaAutoConfiguration:
      Did not match:
         - @ConditionalOnClass did not find required class 'jakarta.persistence.EntityManager' (OnClassCondition)

   HttpHandlerAutoConfiguration:
      Did not match:
         - @ConditionalOnClass did not find required class 'org.springframework.web.reactive.DispatcherHandler' (OnClassCondition)

   HypermediaAutoConfiguration:
      Did not match:
         - @ConditionalOnClass did not find required class 'org.springframework.hateoas.EntityModel' (OnClassCondition)

   InfinispanCacheConfiguration:
      Did not match:
         - @ConditionalOnClass did not find required class 'org.infinispan.spring.embedded.provider.SpringEmbeddedCacheManager' (OnClassCondition)

   InfluxDbAutoConfiguration:
      Did not match:
         - @ConditionalOnClass did not find required class 'org.influxdb.InfluxDB' (OnClassCondition)

   IntegrationAutoConfiguration:
      Did not match:
         - @ConditionalOnClass did not find required class 'org.springframework.integration.config.EnableIntegration' (OnClassCondition)

   JCacheCacheConfiguration:
      Did not match:
         - @ConditionalOnClass did not find required class 'javax.cache.Caching' (OnClassCondition)

   JacksonHttpMessageConvertersConfiguration.MappingJackson2XmlHttpMessageConverterConfiguration:
      Did not match:
         - @ConditionalOnClass did not find required class 'com.fasterxml.jackson.dataformat.xml.XmlMapper' (OnClassCondition)

   JdbcRepositoriesAutoConfiguration:
      Did not match:
         - @ConditionalOnClass did not find required class 'org.springframework.data.jdbc.repository.config.AbstractJdbcConfiguration' (OnClassCondition)

   JerseyAutoConfiguration:
      Did not match:
         - @ConditionalOnClass did not find required class 'org.glassfish.jersey.server.spring.SpringComponentProvider' (OnClassCondition)

   JmsAutoConfiguration:
      Did not match:
         - @ConditionalOnClass did not find required class 'jakarta.jms.Message' (OnClassCondition)

   JndiConnectionFactoryAutoConfiguration:
      Did not match:
         - @ConditionalOnClass did not find required class 'org.springframework.jms.core.JmsTemplate' (OnClassCondition)

   JndiDataSourceAutoConfiguration:
      Did not match:
         - @ConditionalOnProperty (spring.datasource.jndi-name) did not find property 'jndi-name' (OnPropertyCondition)
      Matched:
         - @ConditionalOnClass found required classes 'javax.sql.DataSource', 'org.springframework.jdbc.datasource.embedded.EmbeddedDatabaseType' (OnClassCondition)

   JooqAutoConfiguration:
      Did not match:
         - @ConditionalOnClass did not find required class 'org.jooq.DSLContext' (OnClassCondition)

   JpaRepositoriesAutoConfiguration:
      Did not match:
         - @ConditionalOnClass did not find required class 'org.springframework.data.jpa.repository.JpaRepository' (OnClassCondition)

   JsonbAutoConfiguration:
      Did not match:
         - @ConditionalOnClass did not find required class 'jakarta.json.bind.Jsonb' (OnClassCondition)

   JsonbHttpMessageConvertersConfiguration:
      Did not match:
         - @ConditionalOnClass did not find required class 'jakarta.json.bind.Jsonb' (OnClassCondition)

   JtaAutoConfiguration:
      Did not match:
         - @ConditionalOnClass did not find required class 'jakarta.transaction.Transaction' (OnClassCondition)

   KafkaAutoConfiguration:
      Did not match:
         - @ConditionalOnClass did not find required class 'org.springframework.kafka.core.KafkaTemplate' (OnClassCondition)

   LdapAutoConfiguration:
      Did not match:
         - @ConditionalOnClass did not find required class 'org.springframework.ldap.core.ContextSource' (OnClassCondition)

   LdapRepositoriesAutoConfiguration:
      Did not match:
         - @ConditionalOnClass did not find required class 'org.springframework.data.ldap.repository.LdapRepository' (OnClassCondition)

   LiquibaseAutoConfiguration:
      Did not match:
         - @ConditionalOnClass did not find required class 'liquibase.change.DatabaseChange' (OnClassCondition)

   MailSenderAutoConfiguration:
      Did not match:
         - @ConditionalOnClass did not find required class 'org.springframework.mail.MailSender' (OnClassCondition)

   MailSenderValidatorAutoConfiguration:
      Did not match:
         - @ConditionalOnSingleCandidate did not find required type 'org.springframework.mail.javamail.JavaMailSenderImpl' (OnBeanCondition)

   MessageSourceAutoConfiguration:
      Did not match:
         - ResourceBundle did not find bundle with basename messages (MessageSourceAutoConfiguration.ResourceBundleCondition)

   MongoAutoConfiguration:
      Did not match:
         - @ConditionalOnClass did not find required class 'com.mongodb.client.MongoClient' (OnClassCondition)

   MongoDataAutoConfiguration:
      Did not match:
         - @ConditionalOnClass did not find required class 'com.mongodb.client.MongoClient' (OnClassCondition)

   MongoReactiveAutoConfiguration:
      Did not match:
         - @ConditionalOnClass did not find required class 'com.mongodb.reactivestreams.client.MongoClient' (OnClassCondition)

   MongoReactiveDataAutoConfiguration:
      Did not match:
         - @ConditionalOnClass did not find required class 'com.mongodb.reactivestreams.client.MongoClient' (OnClassCondition)

   MongoReactiveRepositoriesAutoConfiguration:
      Did not match:
         - @ConditionalOnClass did not find required class 'com.mongodb.reactivestreams.client.MongoClient' (OnClassCondition)

   MongoRepositoriesAutoConfiguration:
      Did not match:
         - @ConditionalOnClass did not find required class 'com.mongodb.client.MongoClient' (OnClassCondition)

   MustacheAutoConfiguration:
      Did not match:
         - @ConditionalOnClass did not find required class 'com.samskivert.mustache.Mustache' (OnClassCondition)

   MybatisLanguageDriverAutoConfiguration.FreeMarkerConfiguration:
      Did not match:
         - @ConditionalOnClass did not find required classes 'org.mybatis.scripting.freemarker.FreeMarkerLanguageDriver', 'org.mybatis.scripting.freemarker.FreeMarkerLanguageDriverConfig' (OnClassCondition)

   MybatisLanguageDriverAutoConfiguration.LegacyFreeMarkerConfiguration:
      Did not match:
         - @ConditionalOnClass did not find required class 'org.mybatis.scripting.freemarker.FreeMarkerLanguageDriver' (OnClassCondition)

   MybatisLanguageDriverAutoConfiguration.LegacyVelocityConfiguration:
      Did not match:
         - @ConditionalOnClass did not find required class 'org.mybatis.scripting.velocity.Driver' (OnClassCondition)

   MybatisLanguageDriverAutoConfiguration.ThymeleafConfiguration:
      Did not match:
         - @ConditionalOnClass did not find required class 'org.mybatis.scripting.thymeleaf.ThymeleafLanguageDriver' (OnClassCondition)

   MybatisLanguageDriverAutoConfiguration.VelocityConfiguration:
      Did not match:
         - @ConditionalOnClass did not find required classes 'org.mybatis.scripting.velocity.VelocityLanguageDriver', 'org.mybatis.scripting.velocity.VelocityLanguageDriverConfig' (OnClassCondition)

   Neo4jAutoConfiguration:
      Did not match:
         - @ConditionalOnClass did not find required class 'org.neo4j.driver.Driver' (OnClassCondition)

   Neo4jDataAutoConfiguration:
      Did not match:
         - @ConditionalOnClass did not find required class 'org.neo4j.driver.Driver' (OnClassCondition)

   Neo4jReactiveDataAutoConfiguration:
      Did not match:
         - @ConditionalOnClass did not find required class 'org.neo4j.driver.Driver' (OnClassCondition)

   Neo4jReactiveRepositoriesAutoConfiguration:
      Did not match:
         - @ConditionalOnClass did not find required class 'org.neo4j.driver.Driver' (OnClassCondition)

   Neo4jRepositoriesAutoConfiguration:
      Did not match:
         - @ConditionalOnClass did not find required class 'org.neo4j.driver.Driver' (OnClassCondition)

   NettyAutoConfiguration:
      Did not match:
         - @ConditionalOnClass did not find required class 'io.netty.util.NettyRuntime' (OnClassCondition)

   OAuth2ClientAutoConfiguration:
      Did not match:
         - @ConditionalOnClass did not find required class 'org.springframework.security.oauth2.client.registration.ClientRegistration' (OnClassCondition)

   OAuth2ResourceServerAutoConfiguration:
      Did not match:
         - @ConditionalOnClass did not find required class 'org.springframework.security.oauth2.server.resource.authentication.BearerTokenAuthenticationToken' (OnClassCondition)

   ProjectInfoAutoConfiguration#buildProperties:
      Did not match:
         - @ConditionalOnResource did not find resource '${spring.info.build.location:classpath:META-INF/build-info.properties}' (OnResourceCondition)

   ProjectInfoAutoConfiguration#gitProperties:
      Did not match:
         - GitResource did not find git info at classpath:git.properties (ProjectInfoAutoConfiguration.GitResourceAvailableCondition)

   QuartzAutoConfiguration:
      Did not match:
         - @ConditionalOnClass did not find required class 'org.quartz.Scheduler' (OnClassCondition)

   R2dbcAutoConfiguration:
      Did not match:
         - @ConditionalOnClass did not find required class 'io.r2dbc.spi.ConnectionFactory' (OnClassCondition)

   R2dbcDataAutoConfiguration:
      Did not match:
         - @ConditionalOnClass did not find required class 'org.springframework.data.r2dbc.core.R2dbcEntityTemplate' (OnClassCondition)

   R2dbcInitializationConfiguration:
      Did not match:
         - @ConditionalOnClass did not find required classes 'io.r2dbc.spi.ConnectionFactory', 'org.springframework.r2dbc.connection.init.DatabasePopulator' (OnClassCondition)

   R2dbcRepositoriesAutoConfiguration:
      Did not match:
         - @ConditionalOnClass did not find required class 'io.r2dbc.spi.ConnectionFactory' (OnClassCondition)

   R2dbcTransactionManagerAutoConfiguration:
      Did not match:
         - @ConditionalOnClass did not find required class 'org.springframework.r2dbc.connection.R2dbcTransactionManager' (OnClassCondition)

   RSocketGraphQlClientAutoConfiguration:
      Did not match:
         - @ConditionalOnClass did not find required class 'graphql.GraphQL' (OnClassCondition)

   RSocketMessagingAutoConfiguration:
      Did not match:
         - @ConditionalOnClass did not find required class 'io.rsocket.RSocket' (OnClassCondition)

   RSocketRequesterAutoConfiguration:
      Did not match:
         - @ConditionalOnClass did not find required class 'io.rsocket.RSocket' (OnClassCondition)

   RSocketSecurityAutoConfiguration:
      Did not match:
         - @ConditionalOnClass did not find required class 'org.springframework.security.rsocket.core.SecuritySocketAcceptorInterceptor' (OnClassCondition)

   RSocketServerAutoConfiguration:
      Did not match:
         - @ConditionalOnClass did not find required class 'io.rsocket.core.RSocketServer' (OnClassCondition)

   RSocketStrategiesAutoConfiguration:
      Did not match:
         - @ConditionalOnClass did not find required class 'io.netty.buffer.PooledByteBufAllocator' (OnClassCondition)

   RabbitAutoConfiguration:
      Did not match:
         - @ConditionalOnClass did not find required class 'com.rabbitmq.client.Channel' (OnClassCondition)

   ReactiveElasticsearchClientAutoConfiguration:
      Did not match:
         - @ConditionalOnClass did not find required class 'co.elastic.clients.transport.ElasticsearchTransport' (OnClassCondition)

   ReactiveElasticsearchRepositoriesAutoConfiguration:
      Did not match:
         - @ConditionalOnClass did not find required class 'org.springframework.data.elasticsearch.client.elc.ReactiveElasticsearchClient' (OnClassCondition)

   ReactiveMultipartAutoConfiguration:
      Did not match:
         - @ConditionalOnClass did not find required class 'org.springframework.web.reactive.config.WebFluxConfigurer' (OnClassCondition)

   ReactiveOAuth2ClientAutoConfiguration:
      Did not match:
         - @ConditionalOnClass did not find required class 'reactor.core.publisher.Flux' (OnClassCondition)

   ReactiveOAuth2ResourceServerAutoConfiguration:
      Did not match:
         - @ConditionalOnWebApplication did not find reactive web application classes (OnWebApplicationCondition)

   ReactiveSecurityAutoConfiguration:
      Did not match:
         - @ConditionalOnClass did not find required class 'reactor.core.publisher.Flux' (OnClassCondition)

   ReactiveUserDetailsServiceAutoConfiguration:
      Did not match:
         - AnyNestedCondition 0 matched 2 did not; NestedCondition on ReactiveUserDetailsServiceAutoConfiguration.ReactiveUserDetailsServiceCondition.ReactiveWebApplicationCondition did not find reactive web application classes; NestedCondition on ReactiveUserDetailsServiceAutoConfiguration.ReactiveUserDetailsServiceCondition.RSocketSecurityEnabledCondition @ConditionalOnBean (types: org.springframework.messaging.rsocket.annotation.support.RSocketMessageHandler; SearchStrategy: all) did not find any beans of type org.springframework.messaging.rsocket.annotation.support.RSocketMessageHandler (ReactiveUserDetailsServiceAutoConfiguration.ReactiveUserDetailsServiceCondition)
      Matched:
         - @ConditionalOnClass found required class 'org.springframework.security.authentication.ReactiveAuthenticationManager' (OnClassCondition)

   ReactiveWebServerFactoryAutoConfiguration:
      Did not match:
         - @ConditionalOnWebApplication did not find reactive web application classes (OnWebApplicationCondition)

   RedisAutoConfiguration:
      Did not match:
         - @ConditionalOnClass did not find required class 'org.springframework.data.redis.core.RedisOperations' (OnClassCondition)

   RedisCacheConfiguration:
      Did not match:
         - @ConditionalOnClass did not find required class 'org.springframework.data.redis.connection.RedisConnectionFactory' (OnClassCondition)

   RedisReactiveAutoConfiguration:
      Did not match:
         - @ConditionalOnClass did not find required class 'reactor.core.publisher.Flux' (OnClassCondition)

   RedisRepositoriesAutoConfiguration:
      Did not match:
         - @ConditionalOnClass did not find required class 'org.springframework.data.redis.repository.configuration.EnableRedisRepositories' (OnClassCondition)

   RemoteDevToolsAutoConfiguration:
      Did not match:
         - @ConditionalOnProperty (spring.devtools.remote.secret) did not find property 'secret' (OnPropertyCondition)
      Matched:
         - @ConditionalOnClass found required classes 'jakarta.servlet.Filter', 'org.springframework.http.server.ServerHttpRequest' (OnClassCondition)

   RepositoryRestMvcAutoConfiguration:
      Did not match:
         - @ConditionalOnClass did not find required class 'org.springframework.data.rest.webmvc.config.RepositoryRestMvcConfiguration' (OnClassCondition)

   Saml2RelyingPartyAutoConfiguration:
      Did not match:
         - @ConditionalOnClass did not find required class 'org.springframework.security.saml2.provider.service.registration.RelyingPartyRegistrationRepository' (OnClassCondition)

   SecurityDataConfiguration:
      Did not match:
         - @ConditionalOnClass did not find required class 'org.springframework.security.data.repository.query.SecurityEvaluationContextExtension' (OnClassCondition)

   SendGridAutoConfiguration:
      Did not match:
         - @ConditionalOnClass did not find required class 'com.sendgrid.SendGrid' (OnClassCondition)

   ServletWebServerFactoryAutoConfiguration.ForwardedHeaderFilterConfiguration:
      Did not match:
         - @ConditionalOnProperty (server.forward-headers-strategy=framework) did not find property 'server.forward-headers-strategy' (OnPropertyCondition)

   ServletWebServerFactoryConfiguration.EmbeddedJetty:
      Did not match:
         - @ConditionalOnClass did not find required classes 'org.eclipse.jetty.server.Server', 'org.eclipse.jetty.util.Loader', 'org.eclipse.jetty.webapp.WebAppContext' (OnClassCondition)

   ServletWebServerFactoryConfiguration.EmbeddedUndertow:
      Did not match:
         - @ConditionalOnClass did not find required classes 'io.undertow.Undertow', 'org.xnio.SslClientAuthMode' (OnClassCondition)

   SessionAutoConfiguration:
      Did not match:
         - @ConditionalOnClass did not find required class 'org.springframework.session.Session' (OnClassCondition)

   SpringBootWebSecurityConfiguration.SecurityFilterChainConfiguration:
      Did not match:
         - AllNestedConditions 1 matched 1 did not; NestedCondition on DefaultWebSecurityCondition.Beans @ConditionalOnMissingBean (types: org.springframework.security.web.SecurityFilterChain; SearchStrategy: all) found beans of type 'org.springframework.security.web.SecurityFilterChain' securityFilterChain; NestedCondition on DefaultWebSecurityCondition.Classes @ConditionalOnClass found required classes 'org.springframework.security.web.SecurityFilterChain', 'org.springframework.security.config.annotation.web.builders.HttpSecurity' (DefaultWebSecurityCondition)

   SpringDataWebAutoConfiguration:
      Did not match:
         - @ConditionalOnClass did not find required class 'org.springframework.data.web.PageableHandlerMethodArgumentResolver' (OnClassCondition)

   TaskSchedulingAutoConfiguration#scheduledBeanLazyInitializationExcludeFilter:
      Did not match:
         - @ConditionalOnBean (names: org.springframework.context.annotation.internalScheduledAnnotationProcessor; SearchStrategy: all) did not find any beans named org.springframework.context.annotation.internalScheduledAnnotationProcessor (OnBeanCondition)

   TaskSchedulingAutoConfiguration#taskScheduler:
      Did not match:
         - @ConditionalOnBean (names: org.springframework.context.annotation.internalScheduledAnnotationProcessor; SearchStrategy: all) did not find any beans named org.springframework.context.annotation.internalScheduledAnnotationProcessor (OnBeanCondition)

   ThymeleafAutoConfiguration:
      Did not match:
         - @ConditionalOnClass did not find required class 'org.thymeleaf.spring6.SpringTemplateEngine' (OnClassCondition)

   TransactionAutoConfiguration#transactionalOperator:
      Did not match:
         - @ConditionalOnSingleCandidate (types: org.springframework.transaction.ReactiveTransactionManager; SearchStrategy: all) did not find any beans (OnBeanCondition)

   TransactionAutoConfiguration.EnableTransactionManagementConfiguration.JdkDynamicAutoProxyConfiguration:
      Did not match:
         - @ConditionalOnProperty (spring.aop.proxy-target-class=false) did not find property 'proxy-target-class' (OnPropertyCondition)

   UserDetailsServiceAutoConfiguration:
      Did not match:
         - @ConditionalOnMissingBean (types: org.springframework.security.authentication.AuthenticationManager,org.springframework.security.authentication.AuthenticationProvider,org.springframework.security.core.userdetails.UserDetailsService,org.springframework.security.authentication.AuthenticationManagerResolver,org.springframework.security.oauth2.jwt.JwtDecoder,org.springframework.security.oauth2.server.resource.introspection.OpaqueTokenIntrospector,org.springframework.security.oauth2.client.registration.ClientRegistrationRepository,org.springframework.security.saml2.provider.service.registration.RelyingPartyRegistrationRepository; SearchStrategy: all) found beans of type 'org.springframework.security.authentication.AuthenticationProvider' jwtAuthenticationProvider (OnBeanCondition)
      Matched:
         - @ConditionalOnClass found required class 'org.springframework.security.authentication.AuthenticationManager' (OnClassCondition)

   ValidationAutoConfiguration:
      Did not match:
         - @ConditionalOnClass did not find required class 'jakarta.validation.executable.ExecutableValidator' (OnClassCondition)

   WebClientAutoConfiguration:
      Did not match:
         - @ConditionalOnClass did not find required class 'org.springframework.web.reactive.function.client.WebClient' (OnClassCondition)

   WebFluxAutoConfiguration:
      Did not match:
         - @ConditionalOnClass did not find required class 'org.springframework.web.reactive.config.WebFluxConfigurer' (OnClassCondition)

   WebMvcAutoConfiguration#hiddenHttpMethodFilter:
      Did not match:
         - @ConditionalOnProperty (spring.mvc.hiddenmethod.filter.enabled) did not find property 'enabled' (OnPropertyCondition)

   WebMvcAutoConfiguration.ProblemDetailsErrorHandlingConfiguration:
      Did not match:
         - @ConditionalOnProperty (spring.mvc.problemdetails.enabled=true) did not find property 'enabled' (OnPropertyCondition)

   WebMvcAutoConfiguration.ResourceChainCustomizerConfiguration:
      Did not match:
         - @ConditionalOnEnabledResourceChain did not find class org.webjars.WebJarAssetLocator (OnEnabledResourceChainCondition)

   WebMvcAutoConfiguration.WebMvcAutoConfigurationAdapter#beanNameViewResolver:
      Did not match:
         - @ConditionalOnMissingBean (types: org.springframework.web.servlet.view.BeanNameViewResolver; SearchStrategy: all) found beans of type 'org.springframework.web.servlet.view.BeanNameViewResolver' beanNameViewResolver (OnBeanCondition)

   WebServiceTemplateAutoConfiguration:
      Did not match:
         - @ConditionalOnClass did not find required class 'org.springframework.oxm.Marshaller' (OnClassCondition)

   WebServicesAutoConfiguration:
      Did not match:
         - @ConditionalOnClass did not find required class 'org.springframework.ws.transport.http.MessageDispatcherServlet' (OnClassCondition)

   WebSessionIdResolverAutoConfiguration:
      Did not match:
         - @ConditionalOnClass did not find required class 'reactor.core.publisher.Mono' (OnClassCondition)

   WebSocketMessagingAutoConfiguration:
      Did not match:
         - @ConditionalOnClass did not find required class 'org.springframework.web.socket.config.annotation.WebSocketMessageBrokerConfigurer' (OnClassCondition)

   WebSocketReactiveAutoConfiguration:
      Did not match:
         - @ConditionalOnWebApplication did not find reactive web application classes (OnWebApplicationCondition)

   WebSocketServletAutoConfiguration.JettyWebSocketConfiguration:
      Did not match:
         - @ConditionalOnClass did not find required class 'org.eclipse.jetty.websocket.jakarta.server.config.JakartaWebSocketServletContainerInitializer' (OnClassCondition)

   WebSocketServletAutoConfiguration.UndertowWebSocketConfiguration:
      Did not match:
         - @ConditionalOnClass did not find required class 'io.undertow.websockets.jsr.Bootstrap' (OnClassCondition)

   XADataSourceAutoConfiguration:
      Did not match:
         - @ConditionalOnClass did not find required class 'jakarta.transaction.TransactionManager' (OnClassCondition)


Exclusions:
-----------

    None


Unconditional classes:
----------------------

    org.springframework.boot.autoconfigure.context.ConfigurationPropertiesAutoConfiguration

    org.springframework.boot.autoconfigure.context.LifecycleAutoConfiguration

    org.springframework.boot.autoconfigure.context.PropertyPlaceholderAutoConfiguration

    org.springframework.boot.autoconfigure.availability.ApplicationAvailabilityAutoConfiguration

    org.springframework.boot.autoconfigure.info.ProjectInfoAutoConfiguration



INFO  24-04-12 22:31:47[restartedMain] [TodaychefApplication:57] - Started TodaychefApplication in 1.043 seconds (process running for 1.471)
DEBUG 24-04-12 22:31:47[restartedMain] [ApplicationAvailabilityBean:77] - Application availability state LivenessState changed to CORRECT
DEBUG 24-04-12 22:31:47[restartedMain] [Restarter:249] - Creating new Restarter for thread Thread[main,5,main]
DEBUG 24-04-12 22:31:47[restartedMain] [Restarter:249] - Immediately restarting application
DEBUG 24-04-12 22:31:47[restartedMain] [Restarter:249] - Starting application com.youandjang.todaychef.TodaychefApplication with URLs [file:/Users/jangjegeun/eclipse-workspace/todaychef/bin/main/]
DEBUG 24-04-12 22:31:47[restartedMain] [ApplicationAvailabilityBean:77] - Application availability state ReadinessState changed to ACCEPTING_TRAFFIC
INFO  24-04-12 22:34:10[http-nio-8081-exec-1] [[/todaychef]:173] - Initializing Spring DispatcherServlet 'dispatcherServlet'
INFO  24-04-12 22:34:10[http-nio-8081-exec-1] [DispatcherServlet:532] - Initializing Servlet 'dispatcherServlet'
DEBUG 24-04-12 22:34:10[http-nio-8081-exec-1] [DispatcherServlet:528] - Detected StandardServletMultipartResolver
DEBUG 24-04-12 22:34:10[http-nio-8081-exec-1] [DispatcherServlet:552] - Detected AcceptHeaderLocaleResolver
DEBUG 24-04-12 22:34:10[http-nio-8081-exec-1] [DispatcherServlet:578] - Detected FixedThemeResolver
DEBUG 24-04-12 22:34:10[http-nio-8081-exec-1] [DispatcherServlet:728] - Detected org.springframework.web.servlet.view.DefaultRequestToViewNameTranslator@3a2bda5
DEBUG 24-04-12 22:34:10[http-nio-8081-exec-1] [DispatcherServlet:792] - Detected org.springframework.web.servlet.support.SessionFlashMapManager@50f79030
DEBUG 24-04-12 22:34:10[http-nio-8081-exec-1] [DispatcherServlet:549] - enableLoggingRequestDetails='false': request parameters and headers will be masked to prevent unsafe logging of potentially sensitive data
INFO  24-04-12 22:34:10[http-nio-8081-exec-1] [DispatcherServlet:554] - Completed initialization in 8 ms
DEBUG 24-04-12 22:34:10[http-nio-8081-exec-1] [FilterChainProxy:223] - Securing POST /login
DEBUG 24-04-12 22:34:10[http-nio-8081-exec-1] [RequestMappingHandlerMapping:528] - Mapped to com.youandjang.todaychef.member.controller.LoginApiController#Login(HttpServletRequest, Map)
DEBUG 24-04-12 22:34:10[http-nio-8081-exec-1] [RequestMappingHandlerMapping:528] - Mapped to com.youandjang.todaychef.member.controller.LoginApiController#Login(HttpServletRequest, Map)
DEBUG 24-04-12 22:34:10[http-nio-8081-exec-1] [RequestMappingHandlerMapping:528] - Mapped to com.youandjang.todaychef.member.controller.LoginApiController#Login(HttpServletRequest, Map)
DEBUG 24-04-12 22:34:10[http-nio-8081-exec-1] [RequestMappingHandlerMapping:528] - Mapped to com.youandjang.todaychef.member.controller.LoginApiController#Login(HttpServletRequest, Map)
DEBUG 24-04-12 22:34:10[http-nio-8081-exec-1] [RequestMappingHandlerMapping:528] - Mapped to com.youandjang.todaychef.member.controller.LoginApiController#Login(HttpServletRequest, Map)
DEBUG 24-04-12 22:34:10[http-nio-8081-exec-1] [RequestMappingHandlerMapping:528] - Mapped to com.youandjang.todaychef.member.controller.LoginApiController#Login(HttpServletRequest, Map)
DEBUG 24-04-12 22:34:10[http-nio-8081-exec-1] [RequestMappingHandlerMapping:528] - Mapped to com.youandjang.todaychef.member.controller.LoginApiController#Login(HttpServletRequest, Map)
DEBUG 24-04-12 22:34:10[http-nio-8081-exec-1] [FilterChainProxy:227] - Secured POST /login
DEBUG 24-04-12 22:34:10[http-nio-8081-exec-1] [DispatcherServlet:120] - POST "/todaychef/login", parameters={}
DEBUG 24-04-12 22:34:10[http-nio-8081-exec-1] [RequestMappingHandlerMapping:528] - Mapped to com.youandjang.todaychef.member.controller.LoginApiController#Login(HttpServletRequest, Map)
DEBUG 24-04-12 22:34:10[http-nio-8081-exec-1] [ReloadableResourceBundleMessageSource:454] - No properties file found for [classpath:/messages/messages_ja] - neither plain properties nor XML
DEBUG 24-04-12 22:34:10[http-nio-8081-exec-1] [ReloadableResourceBundleMessageSource:492] - Loading properties [messages.properties] with encoding 'UTF-8'
DEBUG 24-04-12 22:34:10[http-nio-8081-exec-1] [SqlSessionUtils:49] - Creating a new SqlSession
DEBUG 24-04-12 22:34:10[http-nio-8081-exec-1] [SqlSessionUtils:49] - SqlSession [org.apache.ibatis.session.defaults.DefaultSqlSession@20e37e94] was not registered for synchronization because synchronization is not active
DEBUG 24-04-12 22:34:10[http-nio-8081-exec-1] [DataSourceUtils:117] - Fetching JDBC Connection from DataSource
DEBUG 24-04-12 22:34:10[http-nio-8081-exec-1] [HikariConfig:1100] - HikariPool-1 - configuration:
DEBUG 24-04-12 22:34:10[http-nio-8081-exec-1] [HikariConfig:1132] - allowPoolSuspension.............false
DEBUG 24-04-12 22:34:10[http-nio-8081-exec-1] [HikariConfig:1132] - autoCommit......................true
DEBUG 24-04-12 22:34:10[http-nio-8081-exec-1] [HikariConfig:1132] - catalog.........................none
DEBUG 24-04-12 22:34:10[http-nio-8081-exec-1] [HikariConfig:1132] - connectionInitSql...............none
DEBUG 24-04-12 22:34:10[http-nio-8081-exec-1] [HikariConfig:1132] - connectionTestQuery.............none
DEBUG 24-04-12 22:34:10[http-nio-8081-exec-1] [HikariConfig:1132] - connectionTimeout...............30000
DEBUG 24-04-12 22:34:10[http-nio-8081-exec-1] [HikariConfig:1132] - dataSource......................none
DEBUG 24-04-12 22:34:10[http-nio-8081-exec-1] [HikariConfig:1132] - dataSourceClassName.............none
DEBUG 24-04-12 22:34:10[http-nio-8081-exec-1] [HikariConfig:1132] - dataSourceJNDI..................none
DEBUG 24-04-12 22:34:10[http-nio-8081-exec-1] [HikariConfig:1132] - dataSourceProperties............{password=<masked>}
DEBUG 24-04-12 22:34:10[http-nio-8081-exec-1] [HikariConfig:1132] - driverClassName................."org.postgresql.Driver"
DEBUG 24-04-12 22:34:10[http-nio-8081-exec-1] [HikariConfig:1132] - exceptionOverrideClassName......none
DEBUG 24-04-12 22:34:10[http-nio-8081-exec-1] [HikariConfig:1132] - healthCheckProperties...........{}
DEBUG 24-04-12 22:34:10[http-nio-8081-exec-1] [HikariConfig:1132] - healthCheckRegistry.............none
DEBUG 24-04-12 22:34:10[http-nio-8081-exec-1] [HikariConfig:1132] - idleTimeout.....................600000
DEBUG 24-04-12 22:34:10[http-nio-8081-exec-1] [HikariConfig:1132] - initializationFailTimeout.......1
DEBUG 24-04-12 22:34:10[http-nio-8081-exec-1] [HikariConfig:1132] - isolateInternalQueries..........false
DEBUG 24-04-12 22:34:10[http-nio-8081-exec-1] [HikariConfig:1132] - jdbcUrl.........................jdbc:postgresql://localhost:5432/todaychef
DEBUG 24-04-12 22:34:10[http-nio-8081-exec-1] [HikariConfig:1132] - keepaliveTime...................0
DEBUG 24-04-12 22:34:10[http-nio-8081-exec-1] [HikariConfig:1132] - leakDetectionThreshold..........0
DEBUG 24-04-12 22:34:10[http-nio-8081-exec-1] [HikariConfig:1132] - maxLifetime.....................1800000
DEBUG 24-04-12 22:34:10[http-nio-8081-exec-1] [HikariConfig:1132] - maximumPoolSize.................4
DEBUG 24-04-12 22:34:10[http-nio-8081-exec-1] [HikariConfig:1132] - metricRegistry..................none
DEBUG 24-04-12 22:34:10[http-nio-8081-exec-1] [HikariConfig:1132] - metricsTrackerFactory...........none
DEBUG 24-04-12 22:34:10[http-nio-8081-exec-1] [HikariConfig:1132] - minimumIdle.....................4
DEBUG 24-04-12 22:34:10[http-nio-8081-exec-1] [HikariConfig:1132] - password........................<masked>
DEBUG 24-04-12 22:34:10[http-nio-8081-exec-1] [HikariConfig:1132] - poolName........................"HikariPool-1"
DEBUG 24-04-12 22:34:10[http-nio-8081-exec-1] [HikariConfig:1132] - readOnly........................false
DEBUG 24-04-12 22:34:10[http-nio-8081-exec-1] [HikariConfig:1132] - registerMbeans..................false
DEBUG 24-04-12 22:34:10[http-nio-8081-exec-1] [HikariConfig:1132] - scheduledExecutor...............none
DEBUG 24-04-12 22:34:10[http-nio-8081-exec-1] [HikariConfig:1132] - schema..........................none
DEBUG 24-04-12 22:34:10[http-nio-8081-exec-1] [HikariConfig:1132] - threadFactory...................internal
DEBUG 24-04-12 22:34:10[http-nio-8081-exec-1] [HikariConfig:1132] - transactionIsolation............default
DEBUG 24-04-12 22:34:10[http-nio-8081-exec-1] [HikariConfig:1132] - username........................"postgres"
DEBUG 24-04-12 22:34:10[http-nio-8081-exec-1] [HikariConfig:1132] - validationTimeout...............5000
INFO  24-04-12 22:34:10[http-nio-8081-exec-1] [HikariDataSource:110] - HikariPool-1 - Starting...
INFO  24-04-12 22:34:10[http-nio-8081-exec-1] [HikariPool:565] - HikariPool-1 - Added connection org.postgresql.jdbc.PgConnection@302f2713
INFO  24-04-12 22:34:10[http-nio-8081-exec-1] [HikariDataSource:123] - HikariPool-1 - Start completed.
DEBUG 24-04-12 22:34:10[http-nio-8081-exec-1] [SpringManagedTransaction:49] - JDBC Connection [HikariProxyConnection@965020198 wrapping org.postgresql.jdbc.PgConnection@302f2713] will not be managed by Spring
DEBUG 24-04-12 22:34:10[http-nio-8081-exec-1] [findLoginId:137] - ==> Parameters: jk0402(String)
DEBUG 24-04-12 22:34:10[http-nio-8081-exec-1] [findLoginId:137] - <==      Total: 1
DEBUG 24-04-12 22:34:10[http-nio-8081-exec-1] [SqlSessionUtils:49] - Closing non transactional SqlSession [org.apache.ibatis.session.defaults.DefaultSqlSession@20e37e94]
DEBUG 24-04-12 22:34:10[http-nio-8081-exec-1] [SqlSessionUtils:49] - Creating a new SqlSession
DEBUG 24-04-12 22:34:10[http-nio-8081-exec-1] [SqlSessionUtils:49] - SqlSession [org.apache.ibatis.session.defaults.DefaultSqlSession@730c559d] was not registered for synchronization because synchronization is not active
DEBUG 24-04-12 22:34:10[http-nio-8081-exec-1] [DataSourceUtils:117] - Fetching JDBC Connection from DataSource
DEBUG 24-04-12 22:34:10[http-nio-8081-exec-1] [SpringManagedTransaction:49] - JDBC Connection [HikariProxyConnection@1070417675 wrapping org.postgresql.jdbc.PgConnection@302f2713] will not be managed by Spring
DEBUG 24-04-12 22:34:10[http-nio-8081-exec-1] [login:137] - ==>  Preparing: UPDATE member_mgt SET todaychef_token=?, last_login_datetime=now(), login_status_flag = '1' WHERE user_sys_id = ? AND logical_del_flag='0' AND last_gene_flag='1'
DEBUG 24-04-12 22:34:10[http-nio-8081-exec-1] [login:137] - ==> Parameters: eyJhbGciOiJIUzI1NiJ9.eyJzdWIiOiJDMDAwMDAwMCIsImlhdCI6MTcxMjkyODg1MCwiZXhwIjoxNzEzNjQ4ODUwfQ.LwOYV3XixU_UdnsO1W9-1I-iPXWlRTOWUyMXoO1zj_U(String), C0000000(String)
DEBUG 24-04-12 22:34:10[http-nio-8081-exec-1] [login:137] - <==    Updates: 1
DEBUG 24-04-12 22:34:10[http-nio-8081-exec-1] [SqlSessionUtils:49] - Closing non transactional SqlSession [org.apache.ibatis.session.defaults.DefaultSqlSession@730c559d]
DEBUG 24-04-12 22:34:10[http-nio-8081-exec-1] [SqlSessionUtils:49] - Creating a new SqlSession
DEBUG 24-04-12 22:34:10[http-nio-8081-exec-1] [SqlSessionUtils:49] - SqlSession [org.apache.ibatis.session.defaults.DefaultSqlSession@1acfcb8f] was not registered for synchronization because synchronization is not active
DEBUG 24-04-12 22:34:10[http-nio-8081-exec-1] [DataSourceUtils:117] - Fetching JDBC Connection from DataSource
DEBUG 24-04-12 22:34:10[http-nio-8081-exec-1] [SpringManagedTransaction:49] - JDBC Connection [HikariProxyConnection@1652598095 wrapping org.postgresql.jdbc.PgConnection@302f2713] will not be managed by Spring
DEBUG 24-04-12 22:34:10[http-nio-8081-exec-1] [findLoginId:137] - ==> Parameters: jk0402(String)
DEBUG 24-04-12 22:34:10[http-nio-8081-exec-1] [findLoginId:137] - <==      Total: 1
DEBUG 24-04-12 22:34:10[http-nio-8081-exec-1] [SqlSessionUtils:49] - Closing non transactional SqlSession [org.apache.ibatis.session.defaults.DefaultSqlSession@1acfcb8f]
DEBUG 24-04-12 22:34:10[http-nio-8081-exec-1] [HttpEntityMethodProcessor:275] - Using 'application/json', given [application/json, text/plain, */*] and supported [application/json, application/*+json]
DEBUG 24-04-12 22:34:10[http-nio-8081-exec-1] [HttpEntityMethodProcessor:120] - Writing [com.youandjang.todaychef.common.vo.TodayChefResponse@7613d0fb]
DEBUG 24-04-12 22:34:10[http-nio-8081-exec-1] [DispatcherServlet:1135] - Completed 200 OK
DEBUG 24-04-12 22:34:10[http-nio-8081-exec-1] [AnonymousAuthenticationFilter:119] - Set SecurityContextHolder to anonymous SecurityContext
DEBUG 24-04-12 22:34:10[HikariPool-1 housekeeper] [HikariPool:414] - HikariPool-1 - Pool stats (total=1, active=0, idle=1, waiting=0)
DEBUG 24-04-12 22:34:10[HikariPool-1 connection adder] [HikariPool:738] - HikariPool-1 - Added connection org.postgresql.jdbc.PgConnection@39780a16
DEBUG 24-04-12 22:34:10[HikariPool-1 connection adder] [HikariPool:738] - HikariPool-1 - Added connection org.postgresql.jdbc.PgConnection@7682f972
DEBUG 24-04-12 22:34:10[HikariPool-1 connection adder] [HikariPool:738] - HikariPool-1 - Added connection org.postgresql.jdbc.PgConnection@f53750e
DEBUG 24-04-12 22:34:11[HikariPool-1 connection adder] [HikariPool:414] - HikariPool-1 - After adding stats (total=4, active=0, idle=4, waiting=0)
DEBUG 24-04-12 22:34:40[HikariPool-1 housekeeper] [HikariPool:414] - HikariPool-1 - Pool stats (total=4, active=0, idle=4, waiting=0)
DEBUG 24-04-12 22:34:40[HikariPool-1 housekeeper] [HikariPool:521] - HikariPool-1 - Fill pool skipped, pool has sufficient level or currently being filled (queueDepth=0).
DEBUG 24-04-12 22:35:10[HikariPool-1 housekeeper] [HikariPool:414] - HikariPool-1 - Pool stats (total=4, active=0, idle=4, waiting=0)
DEBUG 24-04-12 22:35:10[HikariPool-1 housekeeper] [HikariPool:521] - HikariPool-1 - Fill pool skipped, pool has sufficient level or currently being filled (queueDepth=0).
DEBUG 24-04-12 22:35:29[http-nio-8081-exec-2] [FilterChainProxy:223] - Securing POST /logout
DEBUG 24-04-12 22:35:29[http-nio-8081-exec-2] [RequestMappingHandlerMapping:528] - Mapped to com.youandjang.todaychef.member.controller.LoginApiController#LogOut(HttpServletRequest)
DEBUG 24-04-12 22:35:29[http-nio-8081-exec-2] [LogoutFilter:101] - Logging out [null]
DEBUG 24-04-12 22:35:29[http-nio-8081-exec-2] [DefaultRedirectStrategy:56] - Redirecting to /todaychef/login?logout
DEBUG 24-04-12 22:35:29[http-nio-8081-exec-3] [FilterChainProxy:223] - Securing OPTIONS /login?logout
DEBUG 24-04-12 22:35:29[http-nio-8081-exec-3] [RequestMappingHandlerMapping:528] - Mapped to org.springframework.web.servlet.mvc.method.RequestMappingInfoHandlerMapping$HttpOptionsHandler#handle()
DEBUG 24-04-12 22:35:29[http-nio-8081-exec-3] [RequestMappingHandlerMapping:528] - Mapped to org.springframework.web.servlet.mvc.method.RequestMappingInfoHandlerMapping$HttpOptionsHandler#handle()
DEBUG 24-04-12 22:35:29[http-nio-8081-exec-3] [RequestMappingHandlerMapping:528] - Mapped to org.springframework.web.servlet.mvc.method.RequestMappingInfoHandlerMapping$HttpOptionsHandler#handle()
DEBUG 24-04-12 22:35:29[http-nio-8081-exec-3] [RequestMappingHandlerMapping:528] - Mapped to org.springframework.web.servlet.mvc.method.RequestMappingInfoHandlerMapping$HttpOptionsHandler#handle()
DEBUG 24-04-12 22:35:29[http-nio-8081-exec-3] [RequestMappingHandlerMapping:528] - Mapped to org.springframework.web.servlet.mvc.method.RequestMappingInfoHandlerMapping$HttpOptionsHandler#handle()
DEBUG 24-04-12 22:35:29[http-nio-8081-exec-3] [RequestMappingHandlerMapping:528] - Mapped to org.springframework.web.servlet.mvc.method.RequestMappingInfoHandlerMapping$HttpOptionsHandler#handle()
DEBUG 24-04-12 22:35:29[http-nio-8081-exec-3] [FilterChainProxy:227] - Secured OPTIONS /login?logout
DEBUG 24-04-12 22:35:29[http-nio-8081-exec-3] [DispatcherServlet:120] - OPTIONS "/todaychef/login?logout", parameters={masked}
DEBUG 24-04-12 22:35:29[http-nio-8081-exec-3] [RequestMappingHandlerMapping:528] - Mapped to org.springframework.web.servlet.mvc.method.RequestMappingInfoHandlerMapping$HttpOptionsHandler#handle()
DEBUG 24-04-12 22:35:29[http-nio-8081-exec-3] [DispatcherServlet:1135] - Completed 403 FORBIDDEN
DEBUG 24-04-12 22:35:29[http-nio-8081-exec-3] [AnonymousAuthenticationFilter:119] - Set SecurityContextHolder to anonymous SecurityContext
DEBUG 24-04-12 22:35:40[HikariPool-1 housekeeper] [HikariPool:414] - HikariPool-1 - Pool stats (total=4, active=0, idle=4, waiting=0)
DEBUG 24-04-12 22:35:40[HikariPool-1 housekeeper] [HikariPool:521] - HikariPool-1 - Fill pool skipped, pool has sufficient level or currently being filled (queueDepth=0).
DEBUG 24-04-12 22:36:10[HikariPool-1 housekeeper] [HikariPool:414] - HikariPool-1 - Pool stats (total=4, active=0, idle=4, waiting=0)
DEBUG 24-04-12 22:36:10[HikariPool-1 housekeeper] [HikariPool:521] - HikariPool-1 - Fill pool skipped, pool has sufficient level or currently being filled (queueDepth=0).
INFO  24-04-12 22:36:19[RMI TCP Connection(8)-127.0.0.1] [SpringApplicationAdminMXBeanRegistrar$SpringApplicationAdmin:159] - Application shutdown requested.
DEBUG 24-04-12 22:36:19[RMI TCP Connection(8)-127.0.0.1] [ApplicationAvailabilityBean:77] - Application availability state ReadinessState changed from ACCEPTING_TRAFFIC to REFUSING_TRAFFIC
DEBUG 24-04-12 22:36:19[RMI TCP Connection(8)-127.0.0.1] [AnnotationConfigServletWebServerApplicationContext:1054] - Closing org.springframework.boot.web.servlet.context.AnnotationConfigServletWebServerApplicationContext@3dfd9e0d, started on Fri Apr 12 22:31:46 JST 2024
DEBUG 24-04-12 22:36:19[RMI TCP Connection(8)-127.0.0.1] [DefaultLifecycleProcessor:366] - Stopping beans in phase 2147482623
DEBUG 24-04-12 22:36:19[RMI TCP Connection(8)-127.0.0.1] [DefaultLifecycleProcessor:239] - Bean 'webServerGracefulShutdown' completed its stop procedure
DEBUG 24-04-12 22:36:19[RMI TCP Connection(8)-127.0.0.1] [DefaultLifecycleProcessor:366] - Stopping beans in phase 2147481599
INFO  24-04-12 22:36:19[RMI TCP Connection(8)-127.0.0.1] [Http11NioProtocol:173] - Pausing ProtocolHandler ["http-nio-8081"]
INFO  24-04-12 22:36:19[RMI TCP Connection(8)-127.0.0.1] [StandardService:173] - Stopping service [Tomcat]
INFO  24-04-12 22:36:19[RMI TCP Connection(8)-127.0.0.1] [[/todaychef]:173] - Destroying Spring FrameworkServlet 'dispatcherServlet'
WARN  24-04-12 22:36:19[RMI TCP Connection(8)-127.0.0.1] [WebappClassLoaderBase:173] - The web application [todaychef] appears to have started a thread named [HikariPool-1 housekeeper] but has failed to stop it. This is very likely to create a memory leak. Stack trace of thread:
 java.base@17.0.8/jdk.internal.misc.Unsafe.park(Native Method)
 java.base@17.0.8/java.util.concurrent.locks.LockSupport.parkNanos(LockSupport.java:252)
 java.base@17.0.8/java.util.concurrent.locks.AbstractQueuedSynchronizer$ConditionObject.awaitNanos(AbstractQueuedSynchronizer.java:1672)
 java.base@17.0.8/java.util.concurrent.ScheduledThreadPoolExecutor$DelayedWorkQueue.take(ScheduledThreadPoolExecutor.java:1182)
 java.base@17.0.8/java.util.concurrent.ScheduledThreadPoolExecutor$DelayedWorkQueue.take(ScheduledThreadPoolExecutor.java:899)
 java.base@17.0.8/java.util.concurrent.ThreadPoolExecutor.getTask(ThreadPoolExecutor.java:1062)
 java.base@17.0.8/java.util.concurrent.ThreadPoolExecutor.runWorker(ThreadPoolExecutor.java:1122)
 java.base@17.0.8/java.util.concurrent.ThreadPoolExecutor$Worker.run(ThreadPoolExecutor.java:635)
 java.base@17.0.8/java.lang.Thread.run(Thread.java:833)
INFO  24-04-12 22:36:19[RMI TCP Connection(8)-127.0.0.1] [Http11NioProtocol:173] - Stopping ProtocolHandler ["http-nio-8081"]
DEBUG 24-04-12 22:36:19[RMI TCP Connection(8)-127.0.0.1] [DefaultLifecycleProcessor:239] - Bean 'webServerStartStop' completed its stop procedure
DEBUG 24-04-12 22:36:19[RMI TCP Connection(8)-127.0.0.1] [DefaultLifecycleProcessor:366] - Stopping beans in phase -2147483647
DEBUG 24-04-12 22:36:19[RMI TCP Connection(8)-127.0.0.1] [DefaultLifecycleProcessor:239] - Bean 'springBootLoggingLifecycle' completed its stop procedure
DEBUG 24-04-12 22:36:19[RMI TCP Connection(8)-127.0.0.1] [AnnotationMBeanExporter:456] - Unregistering JMX-exposed beans on shutdown
DEBUG 24-04-12 22:36:19[RMI TCP Connection(8)-127.0.0.1] [AnnotationMBeanExporter:186] - Unregistering JMX-exposed beans
DEBUG 24-04-12 22:36:19[RMI TCP Connection(8)-127.0.0.1] [ThreadPoolTaskExecutor:224] - Shutting down ExecutorService 'applicationTaskExecutor'
INFO  24-04-12 22:36:19[RMI TCP Connection(8)-127.0.0.1] [HikariDataSource:350] - HikariPool-1 - Shutdown initiated...
DEBUG 24-04-12 22:36:19[RMI TCP Connection(8)-127.0.0.1] [HikariPool:414] - HikariPool-1 - Before shutdown stats (total=4, active=0, idle=4, waiting=0)
DEBUG 24-04-12 22:36:19[HikariPool-1 connection closer] [PoolBase:132] - HikariPool-1 - Closing connection org.postgresql.jdbc.PgConnection@302f2713: (connection evicted)
DEBUG 24-04-12 22:36:19[HikariPool-1 connection closer] [PoolBase:132] - HikariPool-1 - Closing connection org.postgresql.jdbc.PgConnection@39780a16: (connection evicted)
DEBUG 24-04-12 22:36:19[HikariPool-1 connection closer] [PoolBase:132] - HikariPool-1 - Closing connection org.postgresql.jdbc.PgConnection@7682f972: (connection evicted)
DEBUG 24-04-12 22:36:19[HikariPool-1 connection closer] [PoolBase:132] - HikariPool-1 - Closing connection org.postgresql.jdbc.PgConnection@f53750e: (connection evicted)
DEBUG 24-04-12 22:36:19[RMI TCP Connection(8)-127.0.0.1] [HikariPool:414] - HikariPool-1 - After shutdown stats (total=0, active=0, idle=0, waiting=0)
INFO  24-04-12 22:36:19[RMI TCP Connection(8)-127.0.0.1] [HikariDataSource:352] - HikariPool-1 - Shutdown completed.
